parent,repeat,window_id,candidate_id,action,task,uav,first_status,physical,expired,host,physical_valid,host_valid,host_unknown_reason,physical_time,host_time,deadline,decision_time,cutoff,raw_direct_completion,raw_identifiable,derived_identifiable_with_completion_evidence,first_step_true_utility,continuation_true_utility,public_input_sha256,continuation_id
train-0056,0,label_qualification:train-0056:repeat-0:step-4,action-0,0,task-0,uav-0,accepted,False,True,False,True,True,,,,7.3923685138424595,4.0,14.0,False,False,False,-0.002777777798473835,,a95a39754763e3540aa0242e7e3d6babb34fc76b5fde22d964dcea4719616b17,hungarian-v1-fixed
train-0056,0,label_qualification:train-0056:repeat-0:step-4,action-1,1,task-1,uav-0,accepted,False,True,False,True,True,,,,8.120841339210962,4.0,13.0,False,False,False,-0.002777777798473835,,a95a39754763e3540aa0242e7e3d6babb34fc76b5fde22d964dcea4719616b17,hungarian-v1-fixed
train-0056,0,label_qualification:train-0056:repeat-0:step-4,action-3,3,task-3,uav-0,accepted,True,False,True,True,True,,9.261179782849474,11.0,11.696027065133467,4.0,13.0,False,False,False,-0.002777777798473835,,a95a39754763e3540aa0242e7e3d6babb34fc76b5fde22d964dcea4719616b17,hungarian-v1-fixed
train-0056,0,label_qualification:train-0056:repeat-0:step-4,action-6,6,task-0,uav-1,accepted,True,False,True,True,True,,5.767414992202728,7.0,7.3923685138424595,4.0,15.0,True,True,True,-0.002777777798473835,,a95a39754763e3540aa0242e7e3d6babb34fc76b5fde22d964dcea4719616b17,hungarian-v1-fixed
train-0056,0,label_qualification:train-0056:repeat-0:step-4,action-7,7,task-1,uav-1,accepted,True,False,,True,False,completion_notice_receipt_not_observed,6.958502867782165,,8.120841339210962,4.0,12.0,True,True,True,-0.002777777798473835,,a95a39754763e3540aa0242e7e3d6babb34fc76b5fde22d964dcea4719616b17,hungarian-v1-fixed
train-0056,0,label_qualification:train-0056:repeat-0:step-4,action-9,9,task-3,uav-1,accepted,True,False,True,True,True,,6.912539481337941,8.0,11.696027065133467,4.0,12.0,True,True,True,-0.002777777798473835,,a95a39754763e3540aa0242e7e3d6babb34fc76b5fde22d964dcea4719616b17,hungarian-v1-fixed
train-0056,0,label_qualification:train-0056:repeat-0:step-4,action-12,12,task-0,uav-2,accepted,True,False,True,True,True,,5.767414992202728,7.0,7.3923685138424595,4.0,15.0,True,True,True,-0.002777777798473835,,a95a39754763e3540aa0242e7e3d6babb34fc76b5fde22d964dcea4719616b17,hungarian-v1-fixed
train-0056,0,label_qualification:train-0056:repeat-0:step-4,action-13,13,task-1,uav-2,accepted,True,False,,True,False,completion_notice_receipt_not_observed,6.958502867782165,,8.120841339210962,4.0,12.0,True,True,True,-0.002777777798473835,,a95a39754763e3540aa0242e7e3d6babb34fc76b5fde22d964dcea4719616b17,hungarian-v1-fixed
train-0056,0,label_qualification:train-0056:repeat-0:step-4,action-15,15,task-3,uav-2,accepted,True,False,True,True,True,,6.912539481337941,8.0,11.696027065133467,4.0,12.0,True,True,True,-0.002777777798473835,,a95a39754763e3540aa0242e7e3d6babb34fc76b5fde22d964dcea4719616b17,hungarian-v1-fixed
train-0056,0,label_qualification:train-0056:repeat-0:step-4,action-18,18,task-0,uav-3,accepted,True,False,True,True,True,,5.767414992202728,7.0,7.3923685138424595,4.0,15.0,True,True,True,-0.002777777798473835,,a95a39754763e3540aa0242e7e3d6babb34fc76b5fde22d964dcea4719616b17,hungarian-v1-fixed
train-0056,0,label_qualification:train-0056:repeat-0:step-4,action-19,19,task-1,uav-3,accepted,True,False,,True,False,completion_notice_receipt_not_observed,6.958502867782165,,8.120841339210962,4.0,12.0,True,True,True,-0.002777777798473835,,a95a39754763e3540aa0242e7e3d6babb34fc76b5fde22d964dcea4719616b17,hungarian-v1-fixed
train-0056,0,label_qualification:train-0056:repeat-0:step-4,action-21,21,task-3,uav-3,accepted,True,False,True,True,True,,6.912539481337941,8.0,11.696027065133467,4.0,12.0,True,True,True,-0.002777777798473835,,a95a39754763e3540aa0242e7e3d6babb34fc76b5fde22d964dcea4719616b17,hungarian-v1-fixed
train-0056,0,label_qualification:train-0056:repeat-0:step-4,action-24,24,,,noop,,,,False,False,noop_has_no_target_task,,,,4.0,16.0,,False,False,-0.0011111111380159855,,a95a39754763e3540aa0242e7e3d6babb34fc76b5fde22d964dcea4719616b17,hungarian-v1-fixed
train-0057,0,label_qualification:train-0057:repeat-0:step-4,action-0,0,task-0,uav-0,accepted,True,False,True,True,True,,5.5561897525974695,7.0,7.015625358675466,4.0,13.0,True,True,True,-0.002777777798473835,,974db87ae4f05ee07712971a887d0f3a6cc718b7c67ca7cbd620a775efecdfff,hungarian-v1-fixed
train-0057,0,label_qualification:train-0057:repeat-0:step-4,action-1,1,task-1,uav-0,accepted,True,False,False,True,True,,7.334260286908299,9.0,7.725993904235812,4.0,13.0,True,True,True,-0.002777777798473835,,974db87ae4f05ee07712971a887d0f3a6cc718b7c67ca7cbd620a775efecdfff,hungarian-v1-fixed
train-0057,0,label_qualification:train-0057:repeat-0:step-4,action-2,2,task-2,uav-0,accepted,True,False,True,True,True,,6.475894009876036,8.0,10.953313259383362,4.0,14.0,True,True,True,-0.002777777798473835,,974db87ae4f05ee07712971a887d0f3a6cc718b7c67ca7cbd620a775efecdfff,hungarian-v1-fixed
train-0057,0,label_qualification:train-0057:repeat-0:step-4,action-6,6,task-0,uav-1,accepted,True,False,True,True,True,,5.5561897525974695,7.0,7.015625358675466,4.0,13.0,True,True,True,-0.002777777798473835,,974db87ae4f05ee07712971a887d0f3a6cc718b7c67ca7cbd620a775efecdfff,hungarian-v1-fixed
train-0057,0,label_qualification:train-0057:repeat-0:step-4,action-7,7,task-1,uav-1,accepted,True,False,False,True,True,,7.334260286908299,9.0,7.725993904235812,4.0,14.0,True,True,True,-0.002777777798473835,,974db87ae4f05ee07712971a887d0f3a6cc718b7c67ca7cbd620a775efecdfff,hungarian-v1-fixed
train-0057,0,label_qualification:train-0057:repeat-0:step-4,action-8,8,task-2,uav-1,accepted,True,False,True,True,True,,6.475894009876036,8.0,10.953313259383362,4.0,14.0,True,True,True,-0.002777777798473835,,974db87ae4f05ee07712971a887d0f3a6cc718b7c67ca7cbd620a775efecdfff,hungarian-v1-fixed
train-0057,0,label_qualification:train-0057:repeat-0:step-4,action-12,12,task-0,uav-2,accepted,False,True,False,True,True,,,,7.015625358675466,4.0,15.0,False,False,False,-0.0027608685195446014,,974db87ae4f05ee07712971a887d0f3a6cc718b7c67ca7cbd620a775efecdfff,hungarian-v1-fixed
train-0057,0,label_qualification:train-0057:repeat-0:step-4,action-13,13,task-1,uav-2,accepted,False,True,False,True,True,,,,7.725993904235812,4.0,15.0,True,True,False,-0.0027608685195446014,,974db87ae4f05ee07712971a887d0f3a6cc718b7c67ca7cbd620a775efecdfff,hungarian-v1-fixed
train-0057,0,label_qualification:train-0057:repeat-0:step-4,action-14,14,task-2,uav-2,accepted,False,True,False,True,True,,,,10.953313259383362,4.0,15.0,False,False,False,-0.0027608685195446014,,974db87ae4f05ee07712971a887d0f3a6cc718b7c67ca7cbd620a775efecdfff,hungarian-v1-fixed
train-0057,0,label_qualification:train-0057:repeat-0:step-4,action-18,18,task-0,uav-3,accepted,True,False,True,True,True,,5.5561897525974695,7.0,7.015625358675466,4.0,14.0,True,True,True,-0.002777777798473835,,974db87ae4f05ee07712971a887d0f3a6cc718b7c67ca7cbd620a775efecdfff,hungarian-v1-fixed
train-0057,0,label_qualification:train-0057:repeat-0:step-4,action-19,19,task-1,uav-3,accepted,True,False,False,True,True,,7.334260286908299,9.0,7.725993904235812,4.0,15.0,True,True,True,-0.002777777798473835,,974db87ae4f05ee07712971a887d0f3a6cc718b7c67ca7cbd620a775efecdfff,hungarian-v1-fixed
train-0057,0,label_qualification:train-0057:repeat-0:step-4,action-20,20,task-2,uav-3,accepted,True,False,True,True,True,,6.475894009876036,8.0,10.953313259383362,4.0,13.0,True,True,True,-0.002777777798473835,,974db87ae4f05ee07712971a887d0f3a6cc718b7c67ca7cbd620a775efecdfff,hungarian-v1-fixed
train-0057,0,label_qualification:train-0057:repeat-0:step-4,action-24,24,,,noop,,,,False,False,noop_has_no_target_task,,,,4.0,15.0,,False,False,-0.0011111111380159855,,974db87ae4f05ee07712971a887d0f3a6cc718b7c67ca7cbd620a775efecdfff,hungarian-v1-fixed
train-0058,0,label_qualification:train-0058:repeat-0:step-4,action-0,0,task-0,uav-0,accepted,True,False,True,True,True,,5.217455059860263,7.0,7.6050717263353755,4.0,13.0,True,True,True,-0.002777777798473835,,36312616d88fda17d9761090612bb878a2b7cc64f931c072dcd680f5d2b61be4,hungarian-v1-fixed
train-0058,0,label_qualification:train-0058:repeat-0:step-4,action-1,1,task-1,uav-0,accepted,False,True,False,True,True,,,,8.56773526441782,4.0,14.0,True,True,False,-0.002777777798473835,,36312616d88fda17d9761090612bb878a2b7cc64f931c072dcd680f5d2b61be4,hungarian-v1-fixed
train-0058,0,label_qualification:train-0058:repeat-0:step-4,action-2,2,task-2,uav-0,lost,False,True,False,True,True,,,,10.554527328936675,4.0,16.0,False,False,False,-0.0011111111380159855,,36312616d88fda17d9761090612bb878a2b7cc64f931c072dcd680f5d2b61be4,hungarian-v1-fixed
train-0058,0,label_qualification:train-0058:repeat-0:step-4,action-3,3,task-3,uav-0,accepted,True,False,True,True,True,,10.254069734260831,12.0,12.146383369893108,4.0,14.0,False,False,False,-0.002777777798473835,,36312616d88fda17d9761090612bb878a2b7cc64f931c072dcd680f5d2b61be4,hungarian-v1-fixed
train-0058,0,label_qualification:train-0058:repeat-0:step-4,action-6,6,task-0,uav-1,accepted,True,False,True,True,True,,5.217455059860263,7.0,7.6050717263353755,4.0,13.0,True,True,True,-0.002777777798473835,,36312616d88fda17d9761090612bb878a2b7cc64f931c072dcd680f5d2b61be4,hungarian-v1-fixed
train-0058,0,label_qualification:train-0058:repeat-0:step-4,action-7,7,task-1,uav-1,accepted,True,False,False,True,True,,7.189293928834146,9.0,8.56773526441782,4.0,15.0,True,True,True,-0.002777777798473835,,36312616d88fda17d9761090612bb878a2b7cc64f931c072dcd680f5d2b61be4,hungarian-v1-fixed
train-0058,0,label_qualification:train-0058:repeat-0:step-4,action-8,8,task-2,uav-1,accepted,True,False,True,True,True,,6.495837235749589,8.0,10.554527328936675,4.0,13.0,True,True,True,-0.002777777798473835,,36312616d88fda17d9761090612bb878a2b7cc64f931c072dcd680f5d2b61be4,hungarian-v1-fixed
train-0058,0,label_qualification:train-0058:repeat-0:step-4,action-9,9,task-3,uav-1,accepted,True,False,True,True,True,,6.602923956532003,8.0,12.146383369893108,4.0,13.0,True,True,True,-0.002777777798473835,,36312616d88fda17d9761090612bb878a2b7cc64f931c072dcd680f5d2b61be4,hungarian-v1-fixed
train-0058,0,label_qualification:train-0058:repeat-0:step-4,action-12,12,task-0,uav-2,accepted,True,False,True,True,True,,5.217455059860263,7.0,7.6050717263353755,4.0,15.0,True,True,True,-0.002777777798473835,,36312616d88fda17d9761090612bb878a2b7cc64f931c072dcd680f5d2b61be4,hungarian-v1-fixed
train-0058,0,label_qualification:train-0058:repeat-0:step-4,action-13,13,task-1,uav-2,accepted,True,False,False,True,True,,7.189293928834146,9.0,8.56773526441782,4.0,15.0,True,True,True,-0.002777777798473835,,36312616d88fda17d9761090612bb878a2b7cc64f931c072dcd680f5d2b61be4,hungarian-v1-fixed
train-0058,0,label_qualification:train-0058:repeat-0:step-4,action-14,14,task-2,uav-2,accepted,True,False,True,True,True,,6.495837235749589,8.0,10.554527328936675,4.0,13.0,True,True,True,-0.002777777798473835,,36312616d88fda17d9761090612bb878a2b7cc64f931c072dcd680f5d2b61be4,hungarian-v1-fixed
train-0058,0,label_qualification:train-0058:repeat-0:step-4,action-15,15,task-3,uav-2,accepted,True,False,True,True,True,,6.602923956532003,8.0,12.146383369893108,4.0,13.0,True,True,True,-0.002777777798473835,,36312616d88fda17d9761090612bb878a2b7cc64f931c072dcd680f5d2b61be4,hungarian-v1-fixed
train-0058,0,label_qualification:train-0058:repeat-0:step-4,action-18,18,task-0,uav-3,lost,False,True,False,True,True,,,,7.6050717263353755,4.0,15.0,False,False,False,-0.0011111111380159855,,36312616d88fda17d9761090612bb878a2b7cc64f931c072dcd680f5d2b61be4,hungarian-v1-fixed
train-0058,0,label_qualification:train-0058:repeat-0:step-4,action-19,19,task-1,uav-3,accepted,True,False,False,True,True,,7.189293928834146,9.0,8.56773526441782,4.0,15.0,True,True,True,-0.002777777798473835,,36312616d88fda17d9761090612bb878a2b7cc64f931c072dcd680f5d2b61be4,hungarian-v1-fixed
train-0058,0,label_qualification:train-0058:repeat-0:step-4,action-20,20,task-2,uav-3,accepted,True,False,True,True,True,,6.495837235749589,8.0,10.554527328936675,4.0,13.0,True,True,True,-0.002777777798473835,,36312616d88fda17d9761090612bb878a2b7cc64f931c072dcd680f5d2b61be4,hungarian-v1-fixed
train-0058,0,label_qualification:train-0058:repeat-0:step-4,action-21,21,task-3,uav-3,accepted,True,False,True,True,True,,6.602923956532003,8.0,12.146383369893108,4.0,13.0,True,True,True,-0.002777777798473835,,36312616d88fda17d9761090612bb878a2b7cc64f931c072dcd680f5d2b61be4,hungarian-v1-fixed
train-0058,0,label_qualification:train-0058:repeat-0:step-4,action-24,24,,,noop,,,,False,False,noop_has_no_target_task,,,,4.0,16.0,,False,False,-0.0011111111380159855,,36312616d88fda17d9761090612bb878a2b7cc64f931c072dcd680f5d2b61be4,hungarian-v1-fixed
train-0059,0,label_qualification:train-0059:repeat-0:step-4,action-0,0,task-0,uav-0,accepted,True,False,False,True,True,,5.489558853721663,7.0,6.605569092979858,4.0,13.0,True,True,True,-0.002777777798473835,,d065665ed43fe5052c0b3576392ecf5233eef9bc322172de68d03efcf248fe8b,hungarian-v1-fixed
train-0059,0,label_qualification:train-0059:repeat-0:step-4,action-1,1,task-1,uav-0,accepted,False,True,False,True,True,,,,7.748325569635963,4.0,12.0,True,True,False,-0.002777777798473835,,d065665ed43fe5052c0b3576392ecf5233eef9bc322172de68d03efcf248fe8b,hungarian-v1-fixed
train-0059,0,label_qualification:train-0059:repeat-0:step-4,action-3,3,task-3,uav-0,accepted,True,False,True,True,True,,9.771107081366472,11.0,12.053058758791298,4.0,14.0,False,False,False,-0.002777777798473835,,d065665ed43fe5052c0b3576392ecf5233eef9bc322172de68d03efcf248fe8b,hungarian-v1-fixed
train-0059,0,label_qualification:train-0059:repeat-0:step-4,action-6,6,task-0,uav-1,accepted,True,False,False,True,True,,5.489558853721663,7.0,6.605569092979858,4.0,14.0,True,True,True,-0.002777777798473835,,d065665ed43fe5052c0b3576392ecf5233eef9bc322172de68d03efcf248fe8b,hungarian-v1-fixed
train-0059,0,label_qualification:train-0059:repeat-0:step-4,action-7,7,task-1,uav-1,accepted,True,False,False,True,True,,7.311382102741912,9.0,7.748325569635963,4.0,15.0,True,True,True,-0.002777777798473835,,d065665ed43fe5052c0b3576392ecf5233eef9bc322172de68d03efcf248fe8b,hungarian-v1-fixed
train-0059,0,label_qualification:train-0059:repeat-0:step-4,action-9,9,task-3,uav-1,lost,False,True,False,True,True,,,,12.053058758791298,4.0,14.0,False,False,False,-0.0011111111380159855,,d065665ed43fe5052c0b3576392ecf5233eef9bc322172de68d03efcf248fe8b,hungarian-v1-fixed
train-0059,0,label_qualification:train-0059:repeat-0:step-4,action-12,12,task-0,uav-2,accepted,True,False,False,True,True,,5.489558853721663,7.0,6.605569092979858,4.0,14.0,True,True,True,-0.002777777798473835,,d065665ed43fe5052c0b3576392ecf5233eef9bc322172de68d03efcf248fe8b,hungarian-v1-fixed
train-0059,0,label_qualification:train-0059:repeat-0:step-4,action-13,13,task-1,uav-2,accepted,True,False,False,True,True,,7.311382102741912,9.0,7.748325569635963,4.0,14.0,True,True,True,-0.002777777798473835,,d065665ed43fe5052c0b3576392ecf5233eef9bc322172de68d03efcf248fe8b,hungarian-v1-fixed
train-0059,0,label_qualification:train-0059:repeat-0:step-4,action-15,15,task-3,uav-2,accepted,True,False,True,True,True,,7.02739959977076,9.0,12.053058758791298,4.0,15.0,True,True,True,-0.002777777798473835,,d065665ed43fe5052c0b3576392ecf5233eef9bc322172de68d03efcf248fe8b,hungarian-v1-fixed
train-0059,0,label_qualification:train-0059:repeat-0:step-4,action-18,18,task-0,uav-3,accepted,True,False,False,True,True,,5.489558853721663,7.0,6.605569092979858,4.0,14.0,True,True,True,-0.002777777798473835,,d065665ed43fe5052c0b3576392ecf5233eef9bc322172de68d03efcf248fe8b,hungarian-v1-fixed
train-0059,0,label_qualification:train-0059:repeat-0:step-4,action-19,19,task-1,uav-3,accepted,True,False,False,True,True,,7.311382102741912,9.0,7.748325569635963,4.0,13.0,True,True,True,-0.002777777798473835,,d065665ed43fe5052c0b3576392ecf5233eef9bc322172de68d03efcf248fe8b,hungarian-v1-fixed
train-0059,0,label_qualification:train-0059:repeat-0:step-4,action-21,21,task-3,uav-3,accepted,True,False,True,True,True,,7.02739959977076,9.0,12.053058758791298,4.0,14.0,True,True,True,-0.002777777798473835,,d065665ed43fe5052c0b3576392ecf5233eef9bc322172de68d03efcf248fe8b,hungarian-v1-fixed
train-0059,0,label_qualification:train-0059:repeat-0:step-4,action-24,24,,,noop,,,,False,False,noop_has_no_target_task,,,,4.0,14.0,,False,False,-0.0011111111380159855,,d065665ed43fe5052c0b3576392ecf5233eef9bc322172de68d03efcf248fe8b,hungarian-v1-fixed
train-0060,0,label_qualification:train-0060:repeat-0:step-4,action-0,0,task-0,uav-0,accepted,True,False,,True,False,completion_notice_receipt_not_observed,5.693480082702393,,6.848590289464027,4.0,16.0,True,True,True,-0.002777777798473835,,9e4106c8ca570ca69b71a426148030468dc90e09c0baa8123b149c132b81549b,hungarian-v1-fixed
train-0060,0,label_qualification:train-0060:repeat-0:step-4,action-1,1,task-1,uav-0,accepted,False,True,False,True,True,,,,7.378445699848829,4.0,15.0,True,True,False,-0.002777777798473835,,9e4106c8ca570ca69b71a426148030468dc90e09c0baa8123b149c132b81549b,hungarian-v1-fixed
train-0060,0,label_qualification:train-0060:repeat-0:step-4,action-2,2,task-2,uav-0,accepted,True,False,True,True,True,,6.699683415135688,8.0,11.612514169111092,4.0,15.0,True,True,True,-0.002777777798473835,,9e4106c8ca570ca69b71a426148030468dc90e09c0baa8123b149c132b81549b,hungarian-v1-fixed
train-0060,0,label_qualification:train-0060:repeat-0:step-4,action-6,6,task-0,uav-1,accepted,True,False,,True,False,completion_notice_receipt_not_observed,5.693480082702393,,6.848590289464027,4.0,14.0,True,True,True,-0.002777777798473835,,9e4106c8ca570ca69b71a426148030468dc90e09c0baa8123b149c132b81549b,hungarian-v1-fixed
train-0060,0,label_qualification:train-0060:repeat-0:step-4,action-7,7,task-1,uav-1,accepted,False,True,False,True,True,,,,7.378445699848829,4.0,14.0,True,True,False,-0.002777777798473835,,9e4106c8ca570ca69b71a426148030468dc90e09c0baa8123b149c132b81549b,hungarian-v1-fixed
train-0060,0,label_qualification:train-0060:repeat-0:step-4,action-8,8,task-2,uav-1,accepted,True,False,True,True,True,,9.699683415135688,11.0,11.612514169111092,4.0,16.0,False,False,False,-0.002777777798473835,,9e4106c8ca570ca69b71a426148030468dc90e09c0baa8123b149c132b81549b,hungarian-v1-fixed
train-0060,0,label_qualification:train-0060:repeat-0:step-4,action-12,12,task-0,uav-2,accepted,True,False,,True,False,completion_notice_receipt_not_observed,5.693480082702393,,6.848590289464027,4.0,14.0,True,True,True,-0.002777777798473835,,9e4106c8ca570ca69b71a426148030468dc90e09c0baa8123b149c132b81549b,hungarian-v1-fixed
train-0060,0,label_qualification:train-0060:repeat-0:step-4,action-13,13,task-1,uav-2,accepted,False,True,False,True,True,,,,7.378445699848829,4.0,14.0,True,True,False,-0.002777777798473835,,9e4106c8ca570ca69b71a426148030468dc90e09c0baa8123b149c132b81549b,hungarian-v1-fixed
train-0060,0,label_qualification:train-0060:repeat-0:step-4,action-14,14,task-2,uav-2,accepted,True,False,True,True,True,,6.699683415135688,8.0,11.612514169111092,4.0,14.0,True,True,True,-0.002777777798473835,,9e4106c8ca570ca69b71a426148030468dc90e09c0baa8123b149c132b81549b,hungarian-v1-fixed
train-0060,0,label_qualification:train-0060:repeat-0:step-4,action-18,18,task-0,uav-3,accepted,True,False,,True,False,completion_notice_receipt_not_observed,5.693480082702393,,6.848590289464027,4.0,15.0,True,True,True,-0.002777777798473835,,9e4106c8ca570ca69b71a426148030468dc90e09c0baa8123b149c132b81549b,hungarian-v1-fixed
train-0060,0,label_qualification:train-0060:repeat-0:step-4,action-19,19,task-1,uav-3,accepted,False,True,False,True,True,,,,7.378445699848829,4.0,15.0,True,True,False,-0.002777777798473835,,9e4106c8ca570ca69b71a426148030468dc90e09c0baa8123b149c132b81549b,hungarian-v1-fixed
train-0060,0,label_qualification:train-0060:repeat-0:step-4,action-20,20,task-2,uav-3,accepted,True,False,True,True,True,,6.699683415135688,8.0,11.612514169111092,4.0,14.0,True,True,True,-0.002777777798473835,,9e4106c8ca570ca69b71a426148030468dc90e09c0baa8123b149c132b81549b,hungarian-v1-fixed
train-0060,0,label_qualification:train-0060:repeat-0:step-4,action-24,24,,,noop,,,,False,False,noop_has_no_target_task,,,,4.0,15.0,,False,False,-0.0011111111380159855,,9e4106c8ca570ca69b71a426148030468dc90e09c0baa8123b149c132b81549b,hungarian-v1-fixed
train-0061,0,label_qualification:train-0061:repeat-0:step-4,action-0,0,task-0,uav-0,accepted,True,False,True,True,True,,5.472643567272464,7.0,7.227965902669474,4.0,12.0,True,True,True,-0.002777777798473835,,f1f8644ad70bab0b7032abd2321f14d56d9028db23cef70f6d551baa972ad795,hungarian-v1-fixed
train-0061,0,label_qualification:train-0061:repeat-0:step-4,action-1,1,task-1,uav-0,accepted,False,True,False,True,True,,,,7.785904203027924,4.0,14.0,True,True,False,-0.002777777798473835,,f1f8644ad70bab0b7032abd2321f14d56d9028db23cef70f6d551baa972ad795,hungarian-v1-fixed
train-0061,0,label_qualification:train-0061:repeat-0:step-4,action-2,2,task-2,uav-0,accepted,True,False,False,True,True,,10.09697623542616,12.0,11.35459594545499,4.0,14.0,False,False,False,-0.002777777798473835,,f1f8644ad70bab0b7032abd2321f14d56d9028db23cef70f6d551baa972ad795,hungarian-v1-fixed
train-0061,0,label_qualification:train-0061:repeat-0:step-4,action-6,6,task-0,uav-1,accepted,True,False,True,True,True,,5.472643567272464,7.0,7.227965902669474,4.0,15.0,True,True,True,-0.002777777798473835,,f1f8644ad70bab0b7032abd2321f14d56d9028db23cef70f6d551baa972ad795,hungarian-v1-fixed
train-0061,0,label_qualification:train-0061:repeat-0:step-4,action-7,7,task-1,uav-1,accepted,True,False,False,True,True,,7.269039957675199,9.0,7.785904203027924,4.0,12.0,True,True,True,-0.002777777798473835,,f1f8644ad70bab0b7032abd2321f14d56d9028db23cef70f6d551baa972ad795,hungarian-v1-fixed
train-0061,0,label_qualification:train-0061:repeat-0:step-4,action-8,8,task-2,uav-1,accepted,True,False,True,True,True,,6.666081698657676,8.0,11.35459594545499,4.0,13.0,True,True,True,-0.002777777798473835,,f1f8644ad70bab0b7032abd2321f14d56d9028db23cef70f6d551baa972ad795,hungarian-v1-fixed
train-0061,0,label_qualification:train-0061:repeat-0:step-4,action-12,12,task-0,uav-2,accepted,True,False,True,True,True,,5.472643567272464,7.0,7.227965902669474,4.0,15.0,True,True,True,-0.002777777798473835,,f1f8644ad70bab0b7032abd2321f14d56d9028db23cef70f6d551baa972ad795,hungarian-v1-fixed
train-0061,0,label_qualification:train-0061:repeat-0:step-4,action-13,13,task-1,uav-2,accepted,True,False,False,True,True,,7.269039957675199,9.0,7.785904203027924,4.0,12.0,True,True,True,-0.002777777798473835,,f1f8644ad70bab0b7032abd2321f14d56d9028db23cef70f6d551baa972ad795,hungarian-v1-fixed
train-0061,0,label_qualification:train-0061:repeat-0:step-4,action-14,14,task-2,uav-2,accepted,True,False,True,True,True,,6.666081698657676,8.0,11.35459594545499,4.0,13.0,True,True,True,-0.002777777798473835,,f1f8644ad70bab0b7032abd2321f14d56d9028db23cef70f6d551baa972ad795,hungarian-v1-fixed
train-0061,0,label_qualification:train-0061:repeat-0:step-4,action-18,18,task-0,uav-3,accepted,True,False,True,True,True,,5.472643567272464,7.0,7.227965902669474,4.0,14.0,True,True,True,-0.002777777798473835,,f1f8644ad70bab0b7032abd2321f14d56d9028db23cef70f6d551baa972ad795,hungarian-v1-fixed
train-0061,0,label_qualification:train-0061:repeat-0:step-4,action-19,19,task-1,uav-3,accepted,True,False,False,True,True,,7.269039957675199,9.0,7.785904203027924,4.0,13.0,True,True,True,-0.002777777798473835,,f1f8644ad70bab0b7032abd2321f14d56d9028db23cef70f6d551baa972ad795,hungarian-v1-fixed
train-0061,0,label_qualification:train-0061:repeat-0:step-4,action-20,20,task-2,uav-3,accepted,True,False,True,True,True,,6.666081698657676,8.0,11.35459594545499,4.0,13.0,True,True,True,-0.002777777798473835,,f1f8644ad70bab0b7032abd2321f14d56d9028db23cef70f6d551baa972ad795,hungarian-v1-fixed
train-0061,0,label_qualification:train-0061:repeat-0:step-4,action-24,24,,,noop,,,,False,False,noop_has_no_target_task,,,,4.0,14.0,,False,False,-0.0011111111380159855,,f1f8644ad70bab0b7032abd2321f14d56d9028db23cef70f6d551baa972ad795,hungarian-v1-fixed
train-0062,0,label_qualification:train-0062:repeat-0:step-4,action-0,0,task-0,uav-0,accepted,True,False,False,True,True,,5.483219251388828,7.0,6.5775397143524525,4.0,15.0,True,True,True,-0.002777777798473835,,1f2b350e30879546057661ba996f16259c64cdb9e7af109da0a049302762303e,hungarian-v1-fixed
train-0062,0,label_qualification:train-0062:repeat-0:step-4,action-1,1,task-1,uav-0,accepted,True,False,False,True,True,,7.07788757706983,9.0,7.928595759735909,4.0,13.0,True,True,True,-0.002777777798473835,,1f2b350e30879546057661ba996f16259c64cdb9e7af109da0a049302762303e,hungarian-v1-fixed
train-0062,0,label_qualification:train-0062:repeat-0:step-4,action-2,2,task-2,uav-0,lost,True,False,False,True,True,,11.325727169129255,13.0,11.561909423117083,4.0,16.0,False,False,False,-0.0011111111380159855,,1f2b350e30879546057661ba996f16259c64cdb9e7af109da0a049302762303e,hungarian-v1-fixed
train-0062,0,label_qualification:train-0062:repeat-0:step-4,action-6,6,task-0,uav-1,accepted,True,False,False,True,True,,5.483219251388828,7.0,6.5775397143524525,4.0,14.0,True,True,True,-0.002777777798473835,,1f2b350e30879546057661ba996f16259c64cdb9e7af109da0a049302762303e,hungarian-v1-fixed
train-0062,0,label_qualification:train-0062:repeat-0:step-4,action-7,7,task-1,uav-1,accepted,False,True,False,True,True,,,,7.928595759735909,4.0,14.0,False,False,False,-0.002777777798473835,,1f2b350e30879546057661ba996f16259c64cdb9e7af109da0a049302762303e,hungarian-v1-fixed
train-0062,0,label_qualification:train-0062:repeat-0:step-4,action-8,8,task-2,uav-1,accepted,True,False,False,True,True,,10.662218713390011,12.0,11.561909423117083,4.0,15.0,False,False,False,-0.002777777798473835,,1f2b350e30879546057661ba996f16259c64cdb9e7af109da0a049302762303e,hungarian-v1-fixed
train-0062,0,label_qualification:train-0062:repeat-0:step-4,action-12,12,task-0,uav-2,accepted,True,False,False,True,True,,5.483219251388828,7.0,6.5775397143524525,4.0,16.0,True,True,True,-0.002777777798473835,,1f2b350e30879546057661ba996f16259c64cdb9e7af109da0a049302762303e,hungarian-v1-fixed
train-0062,0,label_qualification:train-0062:repeat-0:step-4,action-13,13,task-1,uav-2,accepted,True,False,False,True,True,,7.07788757706983,9.0,7.928595759735909,4.0,13.0,True,True,True,-0.002777777798473835,,1f2b350e30879546057661ba996f16259c64cdb9e7af109da0a049302762303e,hungarian-v1-fixed
train-0062,0,label_qualification:train-0062:repeat-0:step-4,action-14,14,task-2,uav-2,accepted,True,False,True,True,True,,6.662218713390012,8.0,11.561909423117083,4.0,14.0,True,True,True,-0.002777777798473835,,1f2b350e30879546057661ba996f16259c64cdb9e7af109da0a049302762303e,hungarian-v1-fixed
train-0062,0,label_qualification:train-0062:repeat-0:step-4,action-18,18,task-0,uav-3,accepted,True,False,False,True,True,,5.483219251388828,7.0,6.5775397143524525,4.0,14.0,True,True,True,-0.002777777798473835,,1f2b350e30879546057661ba996f16259c64cdb9e7af109da0a049302762303e,hungarian-v1-fixed
train-0062,0,label_qualification:train-0062:repeat-0:step-4,action-19,19,task-1,uav-3,accepted,True,False,False,True,True,,7.07788757706983,9.0,7.928595759735909,4.0,13.0,True,True,True,-0.002777777798473835,,1f2b350e30879546057661ba996f16259c64cdb9e7af109da0a049302762303e,hungarian-v1-fixed
train-0062,0,label_qualification:train-0062:repeat-0:step-4,action-20,20,task-2,uav-3,accepted,True,False,True,True,True,,6.662218713390012,8.0,11.561909423117083,4.0,14.0,True,True,True,-0.002777777798473835,,1f2b350e30879546057661ba996f16259c64cdb9e7af109da0a049302762303e,hungarian-v1-fixed
train-0062,0,label_qualification:train-0062:repeat-0:step-4,action-24,24,,,noop,,,,False,False,noop_has_no_target_task,,,,4.0,15.0,,False,False,-0.0011111111380159855,,1f2b350e30879546057661ba996f16259c64cdb9e7af109da0a049302762303e,hungarian-v1-fixed
train-0063,0,label_qualification:train-0063:repeat-0:step-4,action-0,0,task-0,uav-0,accepted,True,False,False,True,True,,5.721438375328579,7.0,6.804029596750557,4.0,14.0,True,True,True,-0.002777777798473835,,79447de7a8ac668d4a94b1167787f06c50ea13f34a41b62480ef3e0f592a6195,hungarian-v1-fixed
train-0063,0,label_qualification:train-0063:repeat-0:step-4,action-1,1,task-1,uav-0,accepted,True,False,False,True,True,,7.199518636629442,9.0,7.521554948188051,4.0,14.0,True,True,True,-0.002777777798473835,,79447de7a8ac668d4a94b1167787f06c50ea13f34a41b62480ef3e0f592a6195,hungarian-v1-fixed
train-0063,0,label_qualification:train-0063:repeat-0:step-4,action-2,2,task-2,uav-0,accepted,True,False,True,True,True,,6.557511934020163,8.0,10.858073177775259,4.0,13.0,True,True,True,-0.002777777798473835,,79447de7a8ac668d4a94b1167787f06c50ea13f34a41b62480ef3e0f592a6195,hungarian-v1-fixed
train-0063,0,label_qualification:train-0063:repeat-0:step-4,action-6,6,task-0,uav-1,accepted,True,False,False,True,True,,5.721438375328579,7.0,6.804029596750557,4.0,14.0,True,True,True,-0.002777777798473835,,79447de7a8ac668d4a94b1167787f06c50ea13f34a41b62480ef3e0f592a6195,hungarian-v1-fixed
train-0063,0,label_qualification:train-0063:repeat-0:step-4,action-7,7,task-1,uav-1,accepted,True,False,False,True,True,,7.199518636629442,9.0,7.521554948188051,4.0,14.0,True,True,True,-0.002777777798473835,,79447de7a8ac668d4a94b1167787f06c50ea13f34a41b62480ef3e0f592a6195,hungarian-v1-fixed
train-0063,0,label_qualification:train-0063:repeat-0:step-4,action-8,8,task-2,uav-1,accepted,True,False,True,True,True,,6.557511934020163,8.0,10.858073177775259,4.0,13.0,True,True,True,-0.002777777798473835,,79447de7a8ac668d4a94b1167787f06c50ea13f34a41b62480ef3e0f592a6195,hungarian-v1-fixed
train-0063,0,label_qualification:train-0063:repeat-0:step-4,action-12,12,task-0,uav-2,accepted,True,False,False,True,True,,5.721438375328579,7.0,6.804029596750557,4.0,14.0,True,True,True,-0.002777777798473835,,79447de7a8ac668d4a94b1167787f06c50ea13f34a41b62480ef3e0f592a6195,hungarian-v1-fixed
train-0063,0,label_qualification:train-0063:repeat-0:step-4,action-13,13,task-1,uav-2,lost,False,True,False,True,True,,,,7.521554948188051,4.0,14.0,,False,False,-0.0011111111380159855,,79447de7a8ac668d4a94b1167787f06c50ea13f34a41b62480ef3e0f592a6195,hungarian-v1-fixed
train-0063,0,label_qualification:train-0063:repeat-0:step-4,action-14,14,task-2,uav-2,accepted,True,False,True,True,True,,6.557511934020163,8.0,10.858073177775259,4.0,14.0,True,True,True,-0.002777777798473835,,79447de7a8ac668d4a94b1167787f06c50ea13f34a41b62480ef3e0f592a6195,hungarian-v1-fixed
train-0063,0,label_qualification:train-0063:repeat-0:step-4,action-18,18,task-0,uav-3,accepted,True,False,False,True,True,,5.721438375328579,7.0,6.804029596750557,4.0,14.0,True,True,True,-0.002777777798473835,,79447de7a8ac668d4a94b1167787f06c50ea13f34a41b62480ef3e0f592a6195,hungarian-v1-fixed
train-0063,0,label_qualification:train-0063:repeat-0:step-4,action-19,19,task-1,uav-3,accepted,False,True,False,True,True,,,,7.521554948188051,4.0,14.0,True,True,False,-0.002777777798473835,,79447de7a8ac668d4a94b1167787f06c50ea13f34a41b62480ef3e0f592a6195,hungarian-v1-fixed
train-0063,0,label_qualification:train-0063:repeat-0:step-4,action-20,20,task-2,uav-3,accepted,True,False,,True,False,completion_notice_receipt_not_observed,10.229460765039773,,10.858073177775259,4.0,14.0,False,False,False,-0.002777777798473835,,79447de7a8ac668d4a94b1167787f06c50ea13f34a41b62480ef3e0f592a6195,hungarian-v1-fixed
train-0063,0,label_qualification:train-0063:repeat-0:step-4,action-24,24,,,noop,,,,False,False,noop_has_no_target_task,,,,4.0,14.0,,False,False,-0.0011111111380159855,,79447de7a8ac668d4a94b1167787f06c50ea13f34a41b62480ef3e0f592a6195,hungarian-v1-fixed
