target,scope,estimator,slice_type,slice_value,label_rows,estimated_rows,abstained_rows,parent_coverage,mean_absolute_error,root_mean_squared_error,unit,interval_coverage,interval_width
position,all_valid_labels,current_observation,overall,all,2316,2316,0,8,0.2523698862366136,0.4993141145282057,distance,not_applicable_point_estimate,not_applicable_point_estimate
position,all_valid_labels,existing_search,overall,all,2316,2316,0,8,0.2523698862366136,0.4993141145282057,distance,not_applicable_point_estimate,not_applicable_point_estimate
position,all_valid_labels,current_observation,parent,validation-0000,275,275,0,1,0.26757284687777433,0.5246881851191425,distance,not_applicable_point_estimate,not_applicable_point_estimate
position,all_valid_labels,existing_search,parent,validation-0000,275,275,0,1,0.26757284687777433,0.5246881851191425,distance,not_applicable_point_estimate,not_applicable_point_estimate
position,all_valid_labels,current_observation,parent,validation-0001,287,287,0,1,0.22829733609398628,0.45909245812806326,distance,not_applicable_point_estimate,not_applicable_point_estimate
position,all_valid_labels,existing_search,parent,validation-0001,287,287,0,1,0.22829733609398628,0.45909245812806326,distance,not_applicable_point_estimate,not_applicable_point_estimate
position,all_valid_labels,current_observation,parent,validation-0002,275,275,0,1,0.24289837375757733,0.47521547794865676,distance,not_applicable_point_estimate,not_applicable_point_estimate
position,all_valid_labels,existing_search,parent,validation-0002,275,275,0,1,0.24289837375757733,0.47521547794865676,distance,not_applicable_point_estimate,not_applicable_point_estimate
position,all_valid_labels,current_observation,parent,validation-0003,270,270,0,1,0.24564102906694982,0.5010836860759936,distance,not_applicable_point_estimate,not_applicable_point_estimate
position,all_valid_labels,existing_search,parent,validation-0003,270,270,0,1,0.24564102906694982,0.5010836860759936,distance,not_applicable_point_estimate,not_applicable_point_estimate
position,all_valid_labels,current_observation,parent,validation-0004,301,301,0,1,0.2439835791309956,0.4858483216670329,distance,not_applicable_point_estimate,not_applicable_point_estimate
position,all_valid_labels,existing_search,parent,validation-0004,301,301,0,1,0.2439835791309956,0.4858483216670329,distance,not_applicable_point_estimate,not_applicable_point_estimate
position,all_valid_labels,current_observation,parent,validation-0005,289,289,0,1,0.299714261273764,0.5569656971586656,distance,not_applicable_point_estimate,not_applicable_point_estimate
position,all_valid_labels,existing_search,parent,validation-0005,289,289,0,1,0.299714261273764,0.5569656971586656,distance,not_applicable_point_estimate,not_applicable_point_estimate
position,all_valid_labels,current_observation,parent,validation-0006,335,335,0,1,0.23258554660040087,0.47264331058526676,distance,not_applicable_point_estimate,not_applicable_point_estimate
position,all_valid_labels,existing_search,parent,validation-0006,335,335,0,1,0.23258554660040087,0.47264331058526676,distance,not_applicable_point_estimate,not_applicable_point_estimate
position,all_valid_labels,current_observation,parent,validation-0007,284,284,0,1,0.2615916218469828,0.5165638362096978,distance,not_applicable_point_estimate,not_applicable_point_estimate
position,all_valid_labels,existing_search,parent,validation-0007,284,284,0,1,0.2615916218469828,0.5165638362096978,distance,not_applicable_point_estimate,not_applicable_point_estimate
position,all_valid_labels,current_observation,method,FULL,430,430,0,8,0.21518264157772682,0.45011770805069956,distance,not_applicable_point_estimate,not_applicable_point_estimate
position,all_valid_labels,existing_search,method,FULL,430,430,0,8,0.21518264157772682,0.45011770805069956,distance,not_applicable_point_estimate,not_applicable_point_estimate
position,all_valid_labels,current_observation,method,GPPO_noWM,325,325,0,8,0.1980321307809679,0.4480004611754857,distance,not_applicable_point_estimate,not_applicable_point_estimate
position,all_valid_labels,existing_search,method,GPPO_noWM,325,325,0,8,0.1980321307809679,0.4480004611754857,distance,not_applicable_point_estimate,not_applicable_point_estimate
position,all_valid_labels,current_observation,method,PPO,312,312,0,8,0.307003102645958,0.5653633201113161,distance,not_applicable_point_estimate,not_applicable_point_estimate
position,all_valid_labels,existing_search,method,PPO,312,312,0,8,0.307003102645958,0.5653633201113161,distance,not_applicable_point_estimate,not_applicable_point_estimate
position,all_valid_labels,current_observation,method,earliest_deadline,316,316,0,8,0.2811281414389803,0.5267777536589857,distance,not_applicable_point_estimate,not_applicable_point_estimate
position,all_valid_labels,existing_search,method,earliest_deadline,316,316,0,8,0.2811281414389803,0.5267777536589857,distance,not_applicable_point_estimate,not_applicable_point_estimate
position,all_valid_labels,current_observation,method,hungarian,304,304,0,8,0.27593944729322056,0.5302134504016349,distance,not_applicable_point_estimate,not_applicable_point_estimate
position,all_valid_labels,existing_search,method,hungarian,304,304,0,8,0.27593944729322056,0.5302134504016349,distance,not_applicable_point_estimate,not_applicable_point_estimate
position,all_valid_labels,current_observation,method,nearest,296,296,0,8,0.278978980632148,0.5198755362379482,distance,not_applicable_point_estimate,not_applicable_point_estimate
position,all_valid_labels,existing_search,method,nearest,296,296,0,8,0.278978980632148,0.5198755362379482,distance,not_applicable_point_estimate,not_applicable_point_estimate
position,all_valid_labels,current_observation,method,search,333,333,0,8,0.22977431584759314,0.46559048714022055,distance,not_applicable_point_estimate,not_applicable_point_estimate
position,all_valid_labels,existing_search,method,search,333,333,0,8,0.22977431584759314,0.46559048714022055,distance,not_applicable_point_estimate,not_applicable_point_estimate
position,all_valid_labels,current_observation,age_bin,"(0,1]",2065,2065,0,8,0.2330622391257979,0.46551148067024983,distance,not_applicable_point_estimate,not_applicable_point_estimate
position,all_valid_labels,existing_search,age_bin,"(0,1]",2065,2065,0,8,0.2330622391257979,0.46551148067024983,distance,not_applicable_point_estimate,not_applicable_point_estimate
position,all_valid_labels,current_observation,age_bin,"(1,2]",251,251,0,8,0.411215668243922,0.7194651081435183,distance,not_applicable_point_estimate,not_applicable_point_estimate
position,all_valid_labels,existing_search,age_bin,"(1,2]",251,251,0,8,0.411215668243922,0.7194651081435183,distance,not_applicable_point_estimate,not_applicable_point_estimate
position,all_valid_labels,current_observation,confirmed_continuation,false,1664,1664,0,8,0.017748880158997577,0.11727769821700412,distance,not_applicable_point_estimate,not_applicable_point_estimate
position,all_valid_labels,existing_search,confirmed_continuation,false,1664,1664,0,8,0.017748880158997577,0.11727769821700412,distance,not_applicable_point_estimate,not_applicable_point_estimate
position,all_valid_labels,current_observation,confirmed_continuation,true,652,652,0,8,0.8511572391708975,0.9222254237831112,distance,not_applicable_point_estimate,not_applicable_point_estimate
position,all_valid_labels,existing_search,confirmed_continuation,true,652,652,0,8,0.8511572391708975,0.9222254237831112,distance,not_applicable_point_estimate,not_applicable_point_estimate
position,common_public_history_rows,current_observation,overall,all,2316,584,1732,8,0.812104480746042,0.8713185927048945,distance,not_applicable_point_estimate,not_applicable_point_estimate
position,common_public_history_rows,existing_search,overall,all,2316,584,1732,8,0.812104480746042,0.8713185927048945,distance,not_applicable_point_estimate,not_applicable_point_estimate
position,common_public_history_rows,public_history,overall,all,2316,584,1732,8,0.026702575134937356,0.13798552078872275,distance,not_applicable_point_estimate,not_applicable_point_estimate
position,common_public_history_rows,current_observation,parent,validation-0000,2316,76,2240,1,0.8188022815459036,0.9014473451804667,distance,not_applicable_point_estimate,not_applicable_point_estimate
position,common_public_history_rows,existing_search,parent,validation-0000,2316,76,2240,1,0.8188022815459036,0.9014473451804667,distance,not_applicable_point_estimate,not_applicable_point_estimate
position,common_public_history_rows,public_history,parent,validation-0000,2316,76,2240,1,5.0925096961856745e-08,7.216192011536965e-08,distance,not_applicable_point_estimate,not_applicable_point_estimate
position,common_public_history_rows,current_observation,parent,validation-0001,2316,81,2235,1,0.7730472758860893,0.8350642697487682,distance,not_applicable_point_estimate,not_applicable_point_estimate
position,common_public_history_rows,existing_search,parent,validation-0001,2316,81,2235,1,0.7730472758860893,0.8350642697487682,distance,not_applicable_point_estimate,not_applicable_point_estimate
position,common_public_history_rows,public_history,parent,validation-0001,2316,81,2235,1,0.05042058265695204,0.19938735099415553,distance,not_applicable_point_estimate,not_applicable_point_estimate
position,common_public_history_rows,current_observation,parent,validation-0002,2316,74,2242,1,0.8498363783457661,0.8903061095031827,distance,not_applicable_point_estimate,not_applicable_point_estimate
position,common_public_history_rows,existing_search,parent,validation-0002,2316,74,2242,1,0.8498363783457661,0.8903061095031827,distance,not_applicable_point_estimate,not_applicable_point_estimate
position,common_public_history_rows,public_history,parent,validation-0002,2316,74,2242,1,0.05280440473438366,0.20319963468038343,distance,not_applicable_point_estimate,not_applicable_point_estimate
position,common_public_history_rows,current_observation,parent,validation-0003,2316,44,2272,1,0.9033582909814535,0.9255029756585322,distance,not_applicable_point_estimate,not_applicable_point_estimate
position,common_public_history_rows,existing_search,parent,validation-0003,2316,44,2272,1,0.9033582909814535,0.9255029756585322,distance,not_applicable_point_estimate,not_applicable_point_estimate
position,common_public_history_rows,public_history,parent,validation-0003,2316,44,2272,1,0.043063780821573944,0.1660932743328058,distance,not_applicable_point_estimate,not_applicable_point_estimate
position,common_public_history_rows,current_observation,parent,validation-0004,2316,68,2248,1,0.8607318449220978,0.9070128674546526,distance,not_applicable_point_estimate,not_applicable_point_estimate
position,common_public_history_rows,existing_search,parent,validation-0004,2316,68,2248,1,0.8607318449220978,0.9070128674546526,distance,not_applicable_point_estimate,not_applicable_point_estimate
position,common_public_history_rows,public_history,parent,validation-0004,2316,68,2248,1,0.003341461570220551,0.027554136755918772,distance,not_applicable_point_estimate,not_applicable_point_estimate
position,common_public_history_rows,current_observation,parent,validation-0005,2316,76,2240,1,0.8436120767760343,0.8815210875789458,distance,not_applicable_point_estimate,not_applicable_point_estimate
position,common_public_history_rows,existing_search,parent,validation-0005,2316,76,2240,1,0.8436120767760343,0.8815210875789458,distance,not_applicable_point_estimate,not_applicable_point_estimate
position,common_public_history_rows,public_history,parent,validation-0005,2316,76,2240,1,0.037647609680644095,0.13674736844137067,distance,not_applicable_point_estimate,not_applicable_point_estimate
position,common_public_history_rows,current_observation,parent,validation-0006,2316,85,2231,1,0.7216580899034778,0.8064321382572571,distance,not_applicable_point_estimate,not_applicable_point_estimate
position,common_public_history_rows,existing_search,parent,validation-0006,2316,85,2231,1,0.7216580899034778,0.8064321382572571,distance,not_applicable_point_estimate,not_applicable_point_estimate
position,common_public_history_rows,public_history,parent,validation-0006,2316,85,2231,1,0.007755595512356365,0.05267118745241409,distance,not_applicable_point_estimate,not_applicable_point_estimate
position,common_public_history_rows,current_observation,parent,validation-0007,2316,80,2236,1,0.7850292034897388,0.8551770079031524,distance,not_applicable_point_estimate,not_applicable_point_estimate
position,common_public_history_rows,existing_search,parent,validation-0007,2316,80,2236,1,0.7850292034897388,0.8551770079031524,distance,not_applicable_point_estimate,not_applicable_point_estimate
position,common_public_history_rows,public_history,parent,validation-0007,2316,80,2236,1,0.024502964571688098,0.15497018713845157,distance,not_applicable_point_estimate,not_applicable_point_estimate
position,common_public_history_rows,current_observation,method,FULL,2316,92,2224,8,0.819342468241385,0.8722541612047817,distance,not_applicable_point_estimate,not_applicable_point_estimate
position,common_public_history_rows,existing_search,method,FULL,2316,92,2224,8,0.819342468241385,0.8722541612047817,distance,not_applicable_point_estimate,not_applicable_point_estimate
position,common_public_history_rows,public_history,method,FULL,2316,92,2224,8,0.05330208350662525,0.20519149009009194,distance,not_applicable_point_estimate,not_applicable_point_estimate
position,common_public_history_rows,current_observation,method,GPPO_noWM,2316,67,2249,8,0.8463369297303571,0.8977701667784942,distance,not_applicable_point_estimate,not_applicable_point_estimate
position,common_public_history_rows,existing_search,method,GPPO_noWM,2316,67,2249,8,0.8463369297303571,0.8977701667784942,distance,not_applicable_point_estimate,not_applicable_point_estimate
position,common_public_history_rows,public_history,method,GPPO_noWM,2316,67,2249,8,0.05473121312440753,0.1831877598670286,distance,not_applicable_point_estimate,not_applicable_point_estimate
position,common_public_history_rows,current_observation,method,PPO,2316,92,2224,8,0.8092225586812145,0.880731616718895,distance,not_applicable_point_estimate,not_applicable_point_estimate
position,common_public_history_rows,existing_search,method,PPO,2316,92,2224,8,0.8092225586812145,0.880731616718895,distance,not_applicable_point_estimate,not_applicable_point_estimate
position,common_public_history_rows,public_history,method,PPO,2316,92,2224,8,0.027272585338358867,0.1393759522853171,distance,not_applicable_point_estimate,not_applicable_point_estimate
position,common_public_history_rows,current_observation,method,earliest_deadline,2316,91,2225,8,0.8050280106619875,0.8638646536271958,distance,not_applicable_point_estimate,not_applicable_point_estimate
position,common_public_history_rows,existing_search,method,earliest_deadline,2316,91,2225,8,0.8050280106619875,0.8638646536271958,distance,not_applicable_point_estimate,not_applicable_point_estimate
position,common_public_history_rows,public_history,method,earliest_deadline,2316,91,2225,8,0.015458080530245841,0.10696689280494735,distance,not_applicable_point_estimate,not_applicable_point_estimate
position,common_public_history_rows,current_observation,method,hungarian,2316,84,2232,8,0.8029340056953457,0.8587953795931283,distance,not_applicable_point_estimate,not_applicable_point_estimate
position,common_public_history_rows,existing_search,method,hungarian,2316,84,2232,8,0.8029340056953457,0.8587953795931283,distance,not_applicable_point_estimate,not_applicable_point_estimate
position,common_public_history_rows,public_history,method,hungarian,2316,84,2232,8,0.01674624957323043,0.1113346719102973,distance,not_applicable_point_estimate,not_applicable_point_estimate
position,common_public_history_rows,current_observation,method,nearest,2316,82,2234,8,0.8106994387859249,0.8651257357630652,distance,not_applicable_point_estimate,not_applicable_point_estimate
position,common_public_history_rows,existing_search,method,nearest,2316,82,2234,8,0.8106994387859249,0.8651257357630652,distance,not_applicable_point_estimate,not_applicable_point_estimate
position,common_public_history_rows,public_history,method,nearest,2316,82,2234,8,0.017154695092755627,0.11268423235876937,distance,not_applicable_point_estimate,not_applicable_point_estimate
position,common_public_history_rows,current_observation,method,search,2316,76,2240,8,0.796777638918154,0.8643148629467534,distance,not_applicable_point_estimate,not_applicable_point_estimate
position,common_public_history_rows,existing_search,method,search,2316,76,2240,8,0.796777638918154,0.8643148629467534,distance,not_applicable_point_estimate,not_applicable_point_estimate
position,common_public_history_rows,public_history,method,search,2316,76,2240,8,0.0038735233647353346,0.03376833740887176,distance,not_applicable_point_estimate,not_applicable_point_estimate
position,common_public_history_rows,current_observation,age_bin,"(0,1]",2316,581,1735,8,0.8104332402120223,0.8682735825467395,distance,not_applicable_point_estimate,not_applicable_point_estimate
position,common_public_history_rows,existing_search,age_bin,"(0,1]",2316,581,1735,8,0.8104332402120223,0.8682735825467395,distance,not_applicable_point_estimate,not_applicable_point_estimate
position,common_public_history_rows,public_history,age_bin,"(0,1]",2316,581,1735,8,0.02684045409318803,0.1383413069937146,distance,not_applicable_point_estimate,not_applicable_point_estimate
position,common_public_history_rows,current_observation,age_bin,"(1,2]",2316,3,2313,1,1.1357680641678483,1.336062540420371,distance,not_applicable_point_estimate,not_applicable_point_estimate
position,common_public_history_rows,existing_search,age_bin,"(1,2]",2316,3,2313,1,1.1357680641678483,1.336062540420371,distance,not_applicable_point_estimate,not_applicable_point_estimate
position,common_public_history_rows,public_history,age_bin,"(1,2]",2316,3,2313,1,1.6887056532758676e-08,2.9249239905025948e-08,distance,not_applicable_point_estimate,not_applicable_point_estimate
energy,all_valid_labels,current_observation,overall,all,2512,2512,0,8,0.12246237173201932,0.1773147237497412,energy,not_applicable_point_estimate,not_applicable_point_estimate
energy,all_valid_labels,existing_search,overall,all,2512,2512,0,8,0.07829150773917005,0.1458696945435751,energy,not_applicable_point_estimate,not_applicable_point_estimate
energy,all_valid_labels,current_observation,parent,validation-0000,306,306,0,1,0.1262581426333758,0.18343781211944798,energy,not_applicable_point_estimate,not_applicable_point_estimate
energy,all_valid_labels,existing_search,parent,validation-0000,306,306,0,1,0.08181021135616899,0.1503257035403148,energy,not_applicable_point_estimate,not_applicable_point_estimate
energy,all_valid_labels,current_observation,parent,validation-0001,328,328,0,1,0.11935187403748675,0.1704725859498675,energy,not_applicable_point_estimate,not_applicable_point_estimate
energy,all_valid_labels,existing_search,parent,validation-0001,328,328,0,1,0.07315999676541554,0.13990125437175957,energy,not_applicable_point_estimate,not_applicable_point_estimate
energy,all_valid_labels,current_observation,parent,validation-0002,297,297,0,1,0.11744893199265605,0.16842921936839708,energy,not_applicable_point_estimate,not_applicable_point_estimate
energy,all_valid_labels,existing_search,parent,validation-0002,297,297,0,1,0.07117584690903139,0.13828777508435788,energy,not_applicable_point_estimate,not_applicable_point_estimate
energy,all_valid_labels,current_observation,parent,validation-0003,291,291,0,1,0.11965337242047812,0.17352383709825556,energy,not_applicable_point_estimate,not_applicable_point_estimate
energy,all_valid_labels,existing_search,parent,validation-0003,291,291,0,1,0.07961252186306533,0.14220221294034247,energy,not_applicable_point_estimate,not_applicable_point_estimate
energy,all_valid_labels,current_observation,parent,validation-0004,327,327,0,1,0.12421268498131988,0.17878691304247663,energy,not_applicable_point_estimate,not_applicable_point_estimate
energy,all_valid_labels,existing_search,parent,validation-0004,327,327,0,1,0.07837466085358108,0.14803010388644286,energy,not_applicable_point_estimate,not_applicable_point_estimate
energy,all_valid_labels,current_observation,parent,validation-0005,321,321,0,1,0.12976903855986313,0.1850436568630128,energy,not_applicable_point_estimate,not_applicable_point_estimate
energy,all_valid_labels,existing_search,parent,validation-0005,321,321,0,1,0.09006189096753817,0.15420709271284205,energy,not_applicable_point_estimate,not_applicable_point_estimate
energy,all_valid_labels,current_observation,parent,validation-0006,354,354,0,1,0.11259188220999335,0.17070114839279263,energy,not_applicable_point_estimate,not_applicable_point_estimate
energy,all_valid_labels,existing_search,parent,validation-0006,354,354,0,1,0.07038445095557923,0.14078986130150717,energy,not_applicable_point_estimate,not_applicable_point_estimate
energy,all_valid_labels,current_observation,parent,validation-0007,288,288,0,1,0.1319814986652798,0.1882229903011315,energy,not_applicable_point_estimate,not_applicable_point_estimate
energy,all_valid_labels,existing_search,parent,validation-0007,288,288,0,1,0.08290596074528132,0.15293086134892797,energy,not_applicable_point_estimate,not_applicable_point_estimate
energy,all_valid_labels,current_observation,method,FULL,467,467,0,8,0.10766692947779784,0.16046411814800335,energy,not_applicable_point_estimate,not_applicable_point_estimate
energy,all_valid_labels,existing_search,method,FULL,467,467,0,8,0.06774738381199945,0.1318051257297007,energy,not_applicable_point_estimate,not_applicable_point_estimate
energy,all_valid_labels,current_observation,method,GPPO_noWM,354,354,0,8,0.10361860835619566,0.15733227336276542,energy,not_applicable_point_estimate,not_applicable_point_estimate
energy,all_valid_labels,existing_search,method,GPPO_noWM,354,354,0,8,0.05923294940237244,0.12875444067312009,energy,not_applicable_point_estimate,not_applicable_point_estimate
energy,all_valid_labels,current_observation,method,PPO,338,338,0,8,0.1385824186562081,0.1946484228310448,energy,not_applicable_point_estimate,not_applicable_point_estimate
energy,all_valid_labels,existing_search,method,PPO,338,338,0,8,0.09345804756209665,0.16142660587163649,energy,not_applicable_point_estimate,not_applicable_point_estimate
energy,all_valid_labels,current_observation,method,earliest_deadline,342,342,0,8,0.13312601206595437,0.1897991400926578,energy,not_applicable_point_estimate,not_applicable_point_estimate
energy,all_valid_labels,existing_search,method,earliest_deadline,342,342,0,8,0.08796787122536791,0.15648309981513311,energy,not_applicable_point_estimate,not_applicable_point_estimate
energy,all_valid_labels,current_observation,method,hungarian,329,329,0,8,0.130500832589564,0.18508269221150347,energy,not_applicable_point_estimate,not_applicable_point_estimate
energy,all_valid_labels,existing_search,method,hungarian,329,329,0,8,0.08478018201230839,0.1520500072305243,energy,not_applicable_point_estimate,not_applicable_point_estimate
energy,all_valid_labels,current_observation,method,nearest,322,322,0,8,0.1321973474869817,0.18659697355518307,energy,not_applicable_point_estimate,not_applicable_point_estimate
energy,all_valid_labels,existing_search,method,nearest,322,322,0,8,0.08594859164694049,0.15335031538351887,energy,not_applicable_point_estimate,not_applicable_point_estimate
energy,all_valid_labels,current_observation,method,search,360,360,0,8,0.11886600255966187,0.17145862540971024,energy,not_applicable_point_estimate,not_applicable_point_estimate
energy,all_valid_labels,existing_search,method,search,360,360,0,8,0.07449949079089666,0.140514371089057,energy,not_applicable_point_estimate,not_applicable_point_estimate
energy,all_valid_labels,current_observation,age_bin,"(0,1]",2426,2426,0,8,0.11983423889518668,0.1730939696010115,energy,not_applicable_point_estimate,not_applicable_point_estimate
energy,all_valid_labels,existing_search,age_bin,"(0,1]",2426,2426,0,8,0.07698295138045341,0.14310170656815088,energy,not_applicable_point_estimate,not_applicable_point_estimate
energy,all_valid_labels,current_observation,age_bin,"(1,2]",86,86,0,7,0.19660016547801884,0.2704843019073567,energy,not_applicable_point_estimate,not_applicable_point_estimate
energy,all_valid_labels,existing_search,age_bin,"(1,2]",86,86,0,7,0.11520496967226973,0.2093841552809247,energy,not_applicable_point_estimate,not_applicable_point_estimate
energy,all_valid_labels,current_observation,confirmed_continuation,false,1761,1761,0,8,0.05008974811829064,0.06235140059922987,energy,not_applicable_point_estimate,not_applicable_point_estimate
energy,all_valid_labels,existing_search,confirmed_continuation,false,1761,1761,0,8,0.008842445245728458,0.035213040876400564,energy,not_applicable_point_estimate,not_applicable_point_estimate
energy,all_valid_labels,current_observation,confirmed_continuation,true,751,751,0,8,0.29216701911387843,0.3099167226064542,energy,not_applicable_point_estimate,not_applicable_point_estimate
energy,all_valid_labels,existing_search,confirmed_continuation,true,751,751,0,8,0.24114077411859836,0.2612748847206152,energy,not_applicable_point_estimate,not_applicable_point_estimate
energy,common_public_history_rows,current_observation,overall,all,2512,660,1852,8,0.2873707193316835,0.3035026349630267,energy,not_applicable_point_estimate,not_applicable_point_estimate
energy,common_public_history_rows,existing_search,overall,all,2512,660,1852,8,0.23771812843553913,0.2566647180590501,energy,not_applicable_point_estimate,not_applicable_point_estimate
energy,common_public_history_rows,public_history,overall,all,2512,660,1852,8,0.0626294702472107,0.11599287002795354,energy,not_applicable_point_estimate,not_applicable_point_estimate
energy,common_public_history_rows,current_observation,parent,validation-0000,2512,90,2422,1,0.2748871114518907,0.2965078207786668,energy,not_applicable_point_estimate,not_applicable_point_estimate
energy,common_public_history_rows,existing_search,parent,validation-0000,2512,90,2422,1,0.2248871178097192,0.25085489159616703,energy,not_applicable_point_estimate,not_applicable_point_estimate
energy,common_public_history_rows,public_history,parent,validation-0000,2512,90,2422,1,0.07511305809020977,0.13414883438401692,energy,not_applicable_point_estimate,not_applicable_point_estimate
energy,common_public_history_rows,current_observation,parent,validation-0001,2512,85,2427,1,0.28433968600104836,0.301119548590782,energy,not_applicable_point_estimate,not_applicable_point_estimate
energy,common_public_history_rows,existing_search,parent,validation-0001,2512,85,2427,1,0.23464715060065736,0.25443862510124376,energy,not_applicable_point_estimate,not_applicable_point_estimate
energy,common_public_history_rows,public_history,parent,validation-0001,2512,85,2427,1,0.06566053839290828,0.1188915570710655,energy,not_applicable_point_estimate,not_applicable_point_estimate
energy,common_public_history_rows,current_observation,parent,validation-0002,2512,88,2424,1,0.28034384684129193,0.2979159075841644,energy,not_applicable_point_estimate,not_applicable_point_estimate
energy,common_public_history_rows,existing_search,parent,validation-0002,2512,88,2424,1,0.23069591738960915,0.2514348888033778,energy,not_applicable_point_estimate,not_applicable_point_estimate
energy,common_public_history_rows,public_history,parent,validation-0002,2512,88,2424,1,0.06965635256333767,0.1225283444872735,energy,not_applicable_point_estimate,not_applicable_point_estimate
energy,common_public_history_rows,current_observation,parent,validation-0003,2512,66,2446,1,0.3034984270731608,0.3124160161455791,energy,not_applicable_point_estimate,not_applicable_point_estimate
energy,common_public_history_rows,existing_search,parent,validation-0003,2512,66,2446,1,0.2534984270731604,0.26410968258842477,energy,not_applicable_point_estimate,not_applicable_point_estimate
energy,common_public_history_rows,public_history,parent,validation-0003,2512,66,2446,1,0.04650180412061273,0.08749210360405198,energy,not_applicable_point_estimate,not_applicable_point_estimate
energy,common_public_history_rows,current_observation,parent,validation-0004,2512,86,2426,1,0.30418992597003314,0.31652271656048364,energy,not_applicable_point_estimate,not_applicable_point_estimate
energy,common_public_history_rows,existing_search,parent,validation-0004,2512,86,2426,1,0.25418992597003276,0.2688264077463832,energy,not_applicable_point_estimate,not_applicable_point_estimate
energy,common_public_history_rows,public_history,parent,validation-0004,2512,86,2426,1,0.04581024258635745,0.09876073065649632,energy,not_applicable_point_estimate,not_applicable_point_estimate
energy,common_public_history_rows,current_observation,parent,validation-0005,2512,88,2424,1,0.30561383204026654,0.31488536279508056,energy,not_applicable_point_estimate,not_applicable_point_estimate
energy,common_public_history_rows,existing_search,parent,validation-0005,2512,88,2424,1,0.2556138320402662,0.26662972170889476,energy,not_applicable_point_estimate,not_applicable_point_estimate
energy,common_public_history_rows,public_history,parent,validation-0005,2512,88,2424,1,0.04438635869459655,0.08788122253589155,energy,not_applicable_point_estimate,not_applicable_point_estimate
energy,common_public_history_rows,current_observation,parent,validation-0006,2512,82,2430,1,0.2611927579088909,0.28295422690541533,energy,not_applicable_point_estimate,not_applicable_point_estimate
energy,common_public_history_rows,existing_search,parent,validation-0006,2512,82,2430,1,0.21119285095028736,0.23757907890374527,energy,not_applicable_point_estimate,not_applicable_point_estimate
energy,common_public_history_rows,public_history,parent,validation-0006,2512,82,2430,1,0.08880742817390237,0.1404569826936973,energy,not_applicable_point_estimate,not_applicable_point_estimate
energy,common_public_history_rows,current_observation,parent,validation-0007,2512,75,2437,1,0.2877686627705892,0.3058661324338238,energy,not_applicable_point_estimate,not_applicable_point_estimate
energy,common_public_history_rows,existing_search,parent,validation-0007,2512,75,2437,1,0.24006419754028277,0.2593785355286098,energy,not_applicable_point_estimate,not_applicable_point_estimate
energy,common_public_history_rows,public_history,parent,validation-0007,2512,75,2437,1,0.06223148981730122,0.12089676186984072,energy,not_applicable_point_estimate,not_applicable_point_estimate
energy,common_public_history_rows,current_observation,method,FULL,2512,105,2407,8,0.28325371061052596,0.30081598813818566,energy,not_applicable_point_estimate,not_applicable_point_estimate
energy,common_public_history_rows,existing_search,method,FULL,2512,105,2407,8,0.2342690177190868,0.25429291704351553,energy,not_applicable_point_estimate,not_applicable_point_estimate
energy,common_public_history_rows,public_history,method,FULL,2512,105,2407,8,0.06674647104172461,0.12129575958039436,energy,not_applicable_point_estimate,not_applicable_point_estimate
energy,common_public_history_rows,current_observation,method,GPPO_noWM,2512,70,2442,8,0.3000168868473598,0.3141000401513991,energy,not_applicable_point_estimate,not_applicable_point_estimate
energy,common_public_history_rows,existing_search,method,GPPO_noWM,2512,70,2442,8,0.2502381965092247,0.26675296912757007,energy,not_applicable_point_estimate,not_applicable_point_estimate
energy,common_public_history_rows,public_history,method,GPPO_noWM,2512,70,2442,8,0.049983342034476,0.10557942237935687,energy,not_applicable_point_estimate,not_applicable_point_estimate
energy,common_public_history_rows,current_observation,method,PPO,2512,104,2408,8,0.2938530949445871,0.30846281599295994,energy,not_applicable_point_estimate,not_applicable_point_estimate
energy,common_public_history_rows,existing_search,method,PPO,2512,104,2408,8,0.24468082189559898,0.2612738015106905,energy,not_applicable_point_estimate,not_applicable_point_estimate
energy,common_public_history_rows,public_history,method,PPO,2512,104,2408,8,0.05614712513410113,0.10932585416586334,energy,not_applicable_point_estimate,not_applicable_point_estimate
energy,common_public_history_rows,current_observation,method,earliest_deadline,2512,101,2411,8,0.2841732336743043,0.30100537687666123,energy,not_applicable_point_estimate,not_applicable_point_estimate
energy,common_public_history_rows,existing_search,method,earliest_deadline,2512,101,2411,8,0.23422307212754015,0.25433622144954154,energy,not_applicable_point_estimate,not_applicable_point_estimate
energy,common_public_history_rows,public_history,method,earliest_deadline,2512,101,2411,8,0.06582695517209479,0.1190922891569719,energy,not_applicable_point_estimate,not_applicable_point_estimate
energy,common_public_history_rows,current_observation,method,hungarian,2512,95,2417,8,0.2829557067469547,0.29907497198287825,energy,not_applicable_point_estimate,not_applicable_point_estimate
energy,common_public_history_rows,existing_search,method,hungarian,2512,95,2417,8,0.2330086928919738,0.25229004774636615,energy,not_applicable_point_estimate,not_applicable_point_estimate
energy,common_public_history_rows,public_history,method,hungarian,2512,95,2417,8,0.06704447796470223,0.11780001758782162,energy,not_applicable_point_estimate,not_applicable_point_estimate
energy,common_public_history_rows,current_observation,method,nearest,2512,93,2419,8,0.2848393481264832,0.30073499740444515,energy,not_applicable_point_estimate,not_applicable_point_estimate
energy,common_public_history_rows,existing_search,method,nearest,2512,93,2419,8,0.23489347375849204,0.2538850209271966,energy,not_applicable_point_estimate,not_applicable_point_estimate
energy,common_public_history_rows,public_history,method,nearest,2512,93,2419,8,0.06516081594651725,0.11642162589189911,energy,not_applicable_point_estimate,not_applicable_point_estimate
energy,common_public_history_rows,current_observation,method,search,2512,92,2420,8,0.28574764210244885,0.3027513536398736,energy,not_applicable_point_estimate,not_applicable_point_estimate
energy,common_public_history_rows,existing_search,method,search,2512,92,2420,8,0.2358129294022267,0.2560929868632304,energy,not_applicable_point_estimate,not_applicable_point_estimate
energy,common_public_history_rows,public_history,method,search,2512,92,2420,8,0.06425252375395382,0.11889084346181396,energy,not_applicable_point_estimate,not_applicable_point_estimate
energy,common_public_history_rows,current_observation,age_bin,"(0,1]",2512,660,1852,8,0.2873707193316835,0.3035026349630267,energy,not_applicable_point_estimate,not_applicable_point_estimate
energy,common_public_history_rows,existing_search,age_bin,"(0,1]",2512,660,1852,8,0.23771812843553913,0.2566647180590501,energy,not_applicable_point_estimate,not_applicable_point_estimate
energy,common_public_history_rows,public_history,age_bin,"(0,1]",2512,660,1852,8,0.0626294702472107,0.11599287002795354,energy,not_applicable_point_estimate,not_applicable_point_estimate
remaining_time,all_valid_labels,current_observation,overall,all,501,501,0,8,1.0765359145761308,1.1425173245875295,seconds,not_applicable_point_estimate,not_applicable_point_estimate
remaining_time,all_valid_labels,existing_search,overall,all,501,501,0,8,2.130428129915752,2.179157913281562,seconds,not_applicable_point_estimate,not_applicable_point_estimate
remaining_time,all_valid_labels,current_observation,parent,validation-0000,74,74,0,1,1.0787387629215712,1.1107129187025457,seconds,not_applicable_point_estimate,not_applicable_point_estimate
remaining_time,all_valid_labels,existing_search,parent,validation-0000,74,74,0,1,2.1868468710296796,2.255920814661294,seconds,not_applicable_point_estimate,not_applicable_point_estimate
remaining_time,all_valid_labels,current_observation,parent,validation-0001,65,65,0,1,1.2071421162345348,1.4673398695108018,seconds,not_applicable_point_estimate,not_applicable_point_estimate
remaining_time,all_valid_labels,existing_search,parent,validation-0001,65,65,0,1,2.222526729852232,2.3108082936939245,seconds,not_applicable_point_estimate,not_applicable_point_estimate
remaining_time,all_valid_labels,current_observation,parent,validation-0002,52,52,0,1,1.00000002707375,1.0000000270737512,seconds,not_applicable_point_estimate,not_applicable_point_estimate
remaining_time,all_valid_labels,existing_search,parent,validation-0002,52,52,0,1,2.00000002707375,2.000000027073751,seconds,not_applicable_point_estimate,not_applicable_point_estimate
remaining_time,all_valid_labels,current_observation,parent,validation-0003,52,52,0,1,0.9999999798261453,0.9999999798261479,seconds,not_applicable_point_estimate,not_applicable_point_estimate
remaining_time,all_valid_labels,existing_search,parent,validation-0003,52,52,0,1,2.0961538259799912,2.116782734410669,seconds,not_applicable_point_estimate,not_applicable_point_estimate
remaining_time,all_valid_labels,current_observation,parent,validation-0004,63,63,0,1,1.0317152042129178,1.0462921061969093,seconds,not_applicable_point_estimate,not_applicable_point_estimate
remaining_time,all_valid_labels,existing_search,parent,validation-0004,63,63,0,1,2.0793342518319653,2.1117962079561208,seconds,not_applicable_point_estimate,not_applicable_point_estimate
remaining_time,all_valid_labels,current_observation,parent,validation-0005,66,66,0,1,1.1944140350947858,1.286205588766774,seconds,not_applicable_point_estimate,not_applicable_point_estimate
remaining_time,all_valid_labels,existing_search,parent,validation-0005,66,66,0,1,2.1338079744887253,2.198436562415469,seconds,not_applicable_point_estimate,not_applicable_point_estimate
remaining_time,all_valid_labels,current_observation,parent,validation-0006,62,62,0,1,1.0301434320343974,1.0432916374796788,seconds,not_applicable_point_estimate,not_applicable_point_estimate
remaining_time,all_valid_labels,existing_search,parent,validation-0006,62,62,0,1,2.191433754615043,2.239527352329281,seconds,not_applicable_point_estimate,not_applicable_point_estimate
remaining_time,all_valid_labels,current_observation,parent,validation-0007,67,67,0,1,1.0351538785761725,1.0445129384344287,seconds,not_applicable_point_estimate,not_applicable_point_estimate
remaining_time,all_valid_labels,existing_search,parent,validation-0007,67,67,0,1,2.094855371113486,2.128410245769634,seconds,not_applicable_point_estimate,not_applicable_point_estimate
remaining_time,all_valid_labels,current_observation,method,FULL,68,68,0,8,1.1747372988352376,1.381496259961035,seconds,not_applicable_point_estimate,not_applicable_point_estimate
remaining_time,all_valid_labels,existing_search,method,FULL,68,68,0,8,2.1012078870705317,2.1317484572122267,seconds,not_applicable_point_estimate,not_applicable_point_estimate
remaining_time,all_valid_labels,current_observation,method,GPPO_noWM,43,43,0,8,0.9509550022867842,0.9950590389656561,seconds,not_applicable_point_estimate,not_applicable_point_estimate
remaining_time,all_valid_labels,existing_search,method,GPPO_noWM,43,43,0,8,1.9742108135693504,2.0124056372705788,seconds,not_applicable_point_estimate,not_applicable_point_estimate
remaining_time,all_valid_labels,current_observation,method,PPO,91,91,0,8,1.1350362274163195,1.2105138280868577,seconds,not_applicable_point_estimate,not_applicable_point_estimate
remaining_time,all_valid_labels,existing_search,method,PPO,91,91,0,8,2.1680032603833523,2.2288261120682193,seconds,not_applicable_point_estimate,not_applicable_point_estimate
remaining_time,all_valid_labels,current_observation,method,earliest_deadline,82,82,0,8,1.0508329650050738,1.0704702716177747,seconds,not_applicable_point_estimate,not_applicable_point_estimate
remaining_time,all_valid_labels,existing_search,method,earliest_deadline,82,82,0,8,2.1605890625660495,2.2131468363890843,seconds,not_applicable_point_estimate,not_applicable_point_estimate
remaining_time,all_valid_labels,current_observation,method,hungarian,77,77,0,8,1.0907444033909004,1.1305548832419812,seconds,not_applicable_point_estimate,not_applicable_point_estimate
remaining_time,all_valid_labels,existing_search,method,hungarian,77,77,0,8,2.1816534942999914,2.247980500014575,seconds,not_applicable_point_estimate,not_applicable_point_estimate
remaining_time,all_valid_labels,current_observation,method,nearest,74,74,0,8,1.055340509120186,1.0833172658737096,seconds,not_applicable_point_estimate,not_applicable_point_estimate
remaining_time,all_valid_labels,existing_search,method,nearest,74,74,0,8,2.1229080766877537,2.1653641264642394,seconds,not_applicable_point_estimate,not_applicable_point_estimate
remaining_time,all_valid_labels,current_observation,method,search,66,66,0,8,1.015639018518475,1.0228363392866204,seconds,not_applicable_point_estimate,not_applicable_point_estimate
remaining_time,all_valid_labels,existing_search,method,search,66,66,0,8,2.121699624579081,2.1538461486271028,seconds,not_applicable_point_estimate,not_applicable_point_estimate
remaining_time,all_valid_labels,current_observation,age_bin,"(0,1]",454,454,0,8,1.0419394034355303,1.101637670024889,seconds,not_applicable_point_estimate,not_applicable_point_estimate
remaining_time,all_valid_labels,existing_search,age_bin,"(0,1]",454,454,0,8,1.997886539746434,2.0037937458444857,seconds,not_applicable_point_estimate,not_applicable_point_estimate
remaining_time,all_valid_labels,current_observation,age_bin,"(1,2]",47,47,0,7,1.4107234902746968,1.4803776250284897,seconds,not_applicable_point_estimate,not_applicable_point_estimate
remaining_time,all_valid_labels,existing_search,age_bin,"(1,2]",47,47,0,7,3.410723490274697,3.440118002886497,seconds,not_applicable_point_estimate,not_applicable_point_estimate
remaining_time,all_valid_labels,current_observation,confirmed_continuation,true,501,501,0,8,1.0765359145761308,1.1425173245875295,seconds,not_applicable_point_estimate,not_applicable_point_estimate
remaining_time,all_valid_labels,existing_search,confirmed_continuation,true,501,501,0,8,2.130428129915752,2.179157913281562,seconds,not_applicable_point_estimate,not_applicable_point_estimate
remaining_time,common_public_history_rows,current_observation,overall,all,501,455,46,8,1.0440450314035445,1.104413645779435,seconds,not_applicable_point_estimate,not_applicable_point_estimate
remaining_time,common_public_history_rows,existing_search,overall,all,501,455,46,8,2.002286789392886,2.010355595729635,seconds,not_applicable_point_estimate,not_applicable_point_estimate
remaining_time,common_public_history_rows,public_history,overall,all,501,455,46,8,0.0980860015160241,0.6345728016151823,seconds,not_applicable_point_estimate,not_applicable_point_estimate
remaining_time,common_public_history_rows,current_observation,parent,validation-0000,501,67,434,1,1.0149254070753535,1.0221429406556923,seconds,not_applicable_point_estimate,not_applicable_point_estimate
remaining_time,common_public_history_rows,existing_search,parent,validation-0000,501,67,434,1,2.029850780209682,2.044285846223687,seconds,not_applicable_point_estimate,not_applicable_point_estimate
remaining_time,common_public_history_rows,public_history,parent,validation-0000,501,67,434,1,6.737200824352302e-08,7.591728244474044e-08,seconds,not_applicable_point_estimate,not_applicable_point_estimate
remaining_time,common_public_history_rows,current_observation,parent,validation-0001,501,56,445,1,1.1747568197435196,1.4650429385125376,seconds,not_applicable_point_estimate,not_applicable_point_estimate
remaining_time,common_public_history_rows,existing_search,parent,validation-0001,501,56,445,1,2.0318996748354903,2.0728813921715386,seconds,not_applicable_point_estimate,not_applicable_point_estimate
remaining_time,common_public_history_rows,public_history,parent,validation-0001,501,56,445,1,0.4199987148227011,1.394740445634112,seconds,not_applicable_point_estimate,not_applicable_point_estimate
remaining_time,common_public_history_rows,current_observation,parent,validation-0002,501,52,449,1,1.00000002707375,1.0000000270737512,seconds,not_applicable_point_estimate,not_applicable_point_estimate
remaining_time,common_public_history_rows,existing_search,parent,validation-0002,501,52,449,1,2.00000002707375,2.000000027073751,seconds,not_applicable_point_estimate,not_applicable_point_estimate
remaining_time,common_public_history_rows,public_history,parent,validation-0002,501,52,449,1,4.473428396925736e-08,5.8088251402211154e-08,seconds,not_applicable_point_estimate,not_applicable_point_estimate
remaining_time,common_public_history_rows,current_observation,parent,validation-0003,501,47,454,1,0.9999999806532337,0.9999999806532365,seconds,not_applicable_point_estimate,not_applicable_point_estimate
remaining_time,common_public_history_rows,existing_search,parent,validation-0003,501,47,454,1,1.9999999806532336,1.999999980653235,seconds,not_applicable_point_estimate,not_applicable_point_estimate
remaining_time,common_public_history_rows,public_history,parent,validation-0003,501,47,454,1,6.530083942049392e-08,7.764776543951864e-08,seconds,not_applicable_point_estimate,not_applicable_point_estimate
remaining_time,common_public_history_rows,current_observation,parent,validation-0004,501,60,441,1,1.0000000013119867,1.0000000013119896,seconds,not_applicable_point_estimate,not_applicable_point_estimate
remaining_time,common_public_history_rows,existing_search,parent,validation-0004,501,60,441,1,2.0000000013119865,2.000000001311988,seconds,not_applicable_point_estimate,not_applicable_point_estimate
remaining_time,common_public_history_rows,public_history,parent,validation-0004,501,60,441,1,6.690747990745032e-08,7.730596215230254e-08,seconds,not_applicable_point_estimate,not_applicable_point_estimate
remaining_time,common_public_history_rows,current_observation,parent,validation-0005,501,58,443,1,1.15955346876502,1.251077224430041,seconds,not_applicable_point_estimate,not_applicable_point_estimate
remaining_time,common_public_history_rows,existing_search,parent,validation-0005,501,58,443,1,1.952656917040882,1.9576246403816209,seconds,not_applicable_point_estimate,not_applicable_point_estimate
remaining_time,common_public_history_rows,public_history,parent,validation-0005,501,58,443,1,0.3639514180621145,1.131704165465263,seconds,not_applicable_point_estimate,not_applicable_point_estimate
remaining_time,common_public_history_rows,current_observation,parent,validation-0006,501,52,449,1,1.0000000119498114,1.0000000119498127,seconds,not_applicable_point_estimate,not_applicable_point_estimate
remaining_time,common_public_history_rows,existing_search,parent,validation-0006,501,52,449,1,2.0000000119498114,2.000000011949812,seconds,not_applicable_point_estimate,not_applicable_point_estimate
remaining_time,common_public_history_rows,public_history,parent,validation-0006,501,52,449,1,4.481263273119741e-08,5.154528897943292e-08,seconds,not_applicable_point_estimate,not_applicable_point_estimate
remaining_time,common_public_history_rows,current_observation,parent,validation-0007,501,63,438,1,1.0000000432049119,1.0000000432049139,seconds,not_applicable_point_estimate,not_applicable_point_estimate
remaining_time,common_public_history_rows,existing_search,parent,validation-0007,501,63,438,1,2.000000043204912,2.000000043204913,seconds,not_applicable_point_estimate,not_applicable_point_estimate
remaining_time,common_public_history_rows,public_history,parent,validation-0007,501,63,438,1,6.600261257892429e-08,7.656410776545703e-08,seconds,not_applicable_point_estimate,not_applicable_point_estimate
remaining_time,common_public_history_rows,current_observation,method,FULL,501,65,436,8,1.1828020984664918,1.3965901907944986,seconds,not_applicable_point_estimate,not_applicable_point_estimate
remaining_time,common_public_history_rows,existing_search,method,FULL,501,65,436,8,2.059725175389569,2.082956114775977,seconds,not_applicable_point_estimate,not_applicable_point_estimate
remaining_time,common_public_history_rows,public_history,method,FULL,501,65,436,8,0.30177973878479347,1.2323391545788471,seconds,not_applicable_point_estimate,not_applicable_point_estimate
remaining_time,common_public_history_rows,current_observation,method,GPPO_noWM,501,42,459,8,0.9285714282655736,0.9636241099231625,seconds,not_applicable_point_estimate,not_applicable_point_estimate
remaining_time,common_public_history_rows,existing_search,method,GPPO_noWM,501,42,459,8,1.9285714255310578,1.9456912078455106,seconds,not_applicable_point_estimate,not_applicable_point_estimate
remaining_time,common_public_history_rows,public_history,method,GPPO_noWM,501,42,459,8,0.07142862376364033,0.26726124702824244,seconds,not_applicable_point_estimate,not_applicable_point_estimate
remaining_time,common_public_history_rows,current_observation,method,PPO,501,81,420,8,1.0996746509731046,1.1720492388098822,seconds,not_applicable_point_estimate,not_applicable_point_estimate
remaining_time,common_public_history_rows,existing_search,method,PPO,501,81,420,8,2.013254897886685,2.027960007049781,seconds,not_applicable_point_estimate,not_applicable_point_estimate
remaining_time,common_public_history_rows,public_history,method,PPO,501,81,420,8,0.1843053038359487,0.8345267528089516,seconds,not_applicable_point_estimate,not_applicable_point_estimate
remaining_time,common_public_history_rows,current_observation,method,earliest_deadline,501,73,428,8,1.0000000173118815,1.0000000173118835,seconds,not_applicable_point_estimate,not_applicable_point_estimate
remaining_time,common_public_history_rows,existing_search,method,earliest_deadline,501,73,428,8,2.0000000173118813,2.0000000173118826,seconds,not_applicable_point_estimate,not_applicable_point_estimate
remaining_time,common_public_history_rows,public_history,method,earliest_deadline,501,73,428,8,5.8391377369375955e-08,6.858108951371197e-08,seconds,not_applicable_point_estimate,not_applicable_point_estimate
remaining_time,common_public_history_rows,current_observation,method,hungarian,501,68,433,8,1.0226816412611444,1.0393970743341536,seconds,not_applicable_point_estimate,not_applicable_point_estimate
remaining_time,common_public_history_rows,existing_search,method,hungarian,501,68,433,8,1.9932698765552619,1.9940309820163045,seconds,not_applicable_point_estimate,not_applicable_point_estimate
remaining_time,common_public_history_rows,public_history,method,hungarian,501,68,433,8,0.052093441931267054,0.42957304271554153,seconds,not_applicable_point_estimate,not_applicable_point_estimate
remaining_time,common_public_history_rows,current_observation,method,nearest,501,67,434,8,1.023020174224471,1.0399737873253914,seconds,not_applicable_point_estimate,not_applicable_point_estimate
remaining_time,common_public_history_rows,existing_search,method,nearest,501,67,434,8,1.993169427955814,1.9939417578640206,seconds,not_applicable_point_estimate,not_applicable_point_estimate
remaining_time,common_public_history_rows,public_history,method,nearest,501,67,434,8,0.052870953104185305,0.4327669383097281,seconds,not_applicable_point_estimate,not_applicable_point_estimate
remaining_time,common_public_history_rows,current_observation,method,search,501,59,442,8,1.0000000276228906,1.000000027622893,seconds,not_applicable_point_estimate,not_applicable_point_estimate
remaining_time,common_public_history_rows,existing_search,method,search,501,59,442,8,2.0000000276228906,2.000000027622892,seconds,not_applicable_point_estimate,not_applicable_point_estimate
remaining_time,common_public_history_rows,public_history,method,search,501,59,442,8,6.251046660710817e-08,7.299451381964863e-08,seconds,not_applicable_point_estimate,not_applicable_point_estimate
remaining_time,common_public_history_rows,current_observation,age_bin,"(0,1]",501,454,47,8,1.0419394034355303,1.101637670024889,seconds,not_applicable_point_estimate,not_applicable_point_estimate
remaining_time,common_public_history_rows,existing_search,age_bin,"(0,1]",501,454,47,8,1.997886539746434,2.0037937458444857,seconds,not_applicable_point_estimate,not_applicable_point_estimate
remaining_time,common_public_history_rows,public_history,age_bin,"(0,1]",501,454,47,8,0.098302049693632,0.6352712859230718,seconds,not_applicable_point_estimate,not_applicable_point_estimate
remaining_time,common_public_history_rows,current_observation,age_bin,"(1,2]",501,1,500,1,2.0000001288820437,2.0000001288820437,seconds,not_applicable_point_estimate,not_applicable_point_estimate
remaining_time,common_public_history_rows,existing_search,age_bin,"(1,2]",501,1,500,1,4.000000128882044,4.000000128882044,seconds,not_applicable_point_estimate,not_applicable_point_estimate
remaining_time,common_public_history_rows,public_history,age_bin,"(1,2]",501,1,500,1,1.2888204375949286e-07,1.2888204375949286e-07,seconds,not_applicable_point_estimate,not_applicable_point_estimate
