decision_id,parent,repeat,decision_step,candidate_actions,frozen_decision_input_sha256,prediction_feature_input_sha256,learned_action,transparent_action,learned_true_utility,transparent_true_utility,learned_minus_transparent_utility,direction,learned_regret,transparent_regret,learned_completion_component,transparent_completion_component,delta_completion_component,learned_expiry_component,transparent_expiry_component,delta_expiry_component,learned_energy_component,transparent_energy_component,delta_energy_component,learned_energy_used,transparent_energy_used,learned_acceptance,transparent_acceptance,learned_first_feedback,transparent_first_feedback,learned_final_completed,transparent_final_completed,learned_final_expired,transparent_final_expired,learned_completed_tasks,transparent_completed_tasks,learned_expired_tasks,transparent_expired_tasks,learned_unknown_host_tasks,transparent_unknown_host_tasks,learned_public_features,transparent_public_features,prior_history_continuation_counts_newest_first,current_confirmed_continuation,pairing_common_result_mismatches,pairing_parameter_conflicts,pairing_multiplicity_mismatches,same_full_public_input_hash_in_another_repeat,same_learned_action_feature_signature_in_another_repeat
prediction_evaluation:train-0001:r0:s6,train-0001,0,6,"[4,10,24]",2ea7c0f60935f8a63d6f8c7fc596a5ae6e8adb7a07b458c0215c6fd43c016d39,1cbdd9d981f08bed378707b076917f37b86740f9a7a5c88e305fda3bdba4e2b2,10,4,0.17959418870425814,0.17965829777750153,-6.410907324339021e-05,transparent_better,0.004519800752838671,0.0044556916795952806,0.19540600332666666,0.19349095652713266,0.0019150467995339981,0.0,0.0,0.0,-0.015811814622408507,-0.013832658749631126,-0.0019791558727773814,2.9087048996225633,2.5803417552909877,accepted,unknown,accepted,resource_unavailable,6,6,0,0,"[""task-0"",""task-1"",""task-2"",""task-3"",""task-4"",""task-5""]","[""task-0"",""task-1"",""task-2"",""task-3"",""task-4"",""task-5""]",[],[],"[""task-5""]","[""task-5""]","{""action"":10,""all_required_fields_known_valid"":true,""arrival_slack_using_current_distance"":5.825284846451185,""deadline"":14.674592018127441,""deadline_age"":1.0,""decision_time"":6.000000178813934,""distance"":2.849306992862322,""energy"":8.271888732910156,""energy_margin_at_0.35_per_distance"":7.2746312854083435,""feature_signature_sha256"":""48d5b2e9f8cba5de4386939dcef0d0deb258e5ba3a4fe0d9aa966affd1a03b93"",""task_id"":""task-4"",""task_position_age"":1.0,""transparent_conservative_energy"":8.221888732910156,""transparent_distance_with_uav_position_age"":3.849306992862322,""uav_energy_age"":1.0,""uav_id"":""uav-1"",""uav_position_age"":1.0}","{""action"":4,""all_required_fields_known_valid"":true,""arrival_slack_using_current_distance"":6.64248066647386,""deadline"":14.674592018127441,""deadline_age"":1.0,""decision_time"":6.000000178813934,""distance"":2.0321111728396466,""energy"":7.668217658996582,""energy_margin_at_0.35_per_distance"":6.9569787485027055,""feature_signature_sha256"":""9df29f4d5c1f81c5de4220154cd433f91fa2cddafe4a0aca0fc814311da6031a"",""task_id"":""task-4"",""task_position_age"":1.0,""transparent_conservative_energy"":7.618217658996582,""transparent_distance_with_uav_position_age"":3.0321111728396466,""uav_energy_age"":1.0,""uav_id"":""uav-0"",""uav_position_age"":1.0}","[3.0,3.0,2.0,1.0]",unavailable_not_persisted,0,0,0,False,False
prediction_evaluation:train-0002:r1:s4,train-0002,1,4,"[2,8,20,24]",1f591c8ec92b44dc4262f95d88a5a44a0b784b294e9fb1179d5ea6dd04677d93,40b8fec19bfe46657a5c91e9d17119650a1cf26878f8f3091e76034a3150190a,20,2,0.29223726119321114,0.28698669054452497,0.00525057064868617,learned_better,0.004313181091842533,0.009563751740528703,0.3203340028223273,0.31649078298610867,0.0038432198362186587,0.0,0.0,0.0,-0.028096741629116198,-0.02950409244158376,0.0014073508124675602,5.24608453491107,5.52409515568603,accepted,accepted,accepted,accepted,6,6,0,0,"[""task-0"",""task-1"",""task-2"",""task-3"",""task-4"",""task-5""]","[""task-0"",""task-1"",""task-2"",""task-3"",""task-4"",""task-5""]",[],[],"[""task-4""]","[""task-4""]","{""action"":20,""all_required_fields_known_valid"":true,""arrival_slack_using_current_distance"":4.313496129540749,""deadline"":10.971768379211426,""deadline_age"":1.0,""decision_time"":4.000000029802322,""distance"":2.6582722198683553,""energy"":8.850000381469727,""energy_margin_at_0.35_per_distance"":7.919605104515802,""feature_signature_sha256"":""acf5cd85599799212a9c64db97ec0630c4366d98b94e604c027f0c3dc18a3dbd"",""task_id"":""task-2"",""task_position_age"":1.0,""transparent_conservative_energy"":8.800000381469726,""transparent_distance_with_uav_position_age"":3.6582722198683553,""uav_energy_age"":1.0,""uav_id"":""uav-3"",""uav_position_age"":1.0}","{""action"":2,""all_required_fields_known_valid"":true,""arrival_slack_using_current_distance"":4.347279331062667,""deadline"":10.971768379211426,""deadline_age"":1.0,""decision_time"":4.000000029802322,""distance"":2.6244890183464356,""energy"":8.35880184173584,""energy_margin_at_0.35_per_distance"":7.440230685314587,""feature_signature_sha256"":""8dd7be205f15fc94e7af756a5f0a025462e8d01baf03f5394ecc390e4b69d584"",""task_id"":""task-2"",""task_position_age"":1.0,""transparent_conservative_energy"":8.30880184173584,""transparent_distance_with_uav_position_age"":3.6244890183464356,""uav_energy_age"":1.0,""uav_id"":""uav-0"",""uav_position_age"":1.0}","[2.0,1.0,0.0,0.0]",unavailable_not_persisted,0,0,0,False,False
prediction_evaluation:train-0003:r0:s7,train-0003,0,7,"[4,10,24]",9550fe9448ca5bb694168c97c60054d33540ff837144506791349d59de0642f1,a04e971772d8be6a4f0e78fcc0bc3f17fdb9d2ae6d2766adb8d00020c8072af6,24,4,0.1825490423756478,0.17998152678184104,0.002567515593806774,learned_better,0.0,0.002567515593806774,0.19539933666,0.19472633399999997,0.0006730026600000327,0.0,0.0,0.0,-0.0128502942843522,-0.014744807218158972,0.0018945129338067725,2.369234149842164,2.7077075261438885,noop,unknown,noop,resource_unavailable,6,6,0,0,"[""task-0"",""task-1"",""task-2"",""task-3"",""task-4"",""task-5""]","[""task-0"",""task-1"",""task-2"",""task-3"",""task-4"",""task-5""]",[],[],"[""task-5""]","[""task-4""]",null,"{""action"":4,""all_required_fields_known_valid"":true,""arrival_slack_using_current_distance"":5.471469438133445,""deadline"":14.727417945861816,""deadline_age"":1.0,""decision_time"":7.0000001192092896,""distance"":2.2559483885190814,""energy"":7.67467737197876,""energy_margin_at_0.35_per_distance"":6.885095435997082,""feature_signature_sha256"":""15b6f203e367ca6d5b8d727f9238d90e65aa5ac16da0fc388b9befb7c26fe458"",""task_id"":""task-4"",""task_position_age"":1.0,""transparent_conservative_energy"":7.62467737197876,""transparent_distance_with_uav_position_age"":3.2559483885190814,""uav_energy_age"":1.0,""uav_id"":""uav-0"",""uav_position_age"":1.0}","[2.0,3.0,2.0,1.0]",unavailable_not_persisted,0,0,0,False,False
prediction_evaluation:train-0004:r2:s4,train-0004,2,4,"[8,9,20,21,24]",194f214d03cf9d49148a10e28c6d8272279519a6b23cb2008c09091bcfe57abf,3206a4b55cb0d8f848d20a5ae221d10bae6e7cfaa471e754db65809a8571487c,9,8,0.2949572700557487,0.2967386730169553,-0.0017814029612066018,transparent_better,0.003850560423827698,0.0020691574626210962,0.320903757860466,0.321557157860466,-0.0006534000000000262,0.0,0.0,0.0,-0.025946487804717325,-0.0248184848435107,-0.0011280029612066242,4.811958972529773,4.605407242318897,accepted,accepted,accepted,accepted,6,6,0,0,"[""task-0"",""task-1"",""task-2"",""task-3"",""task-4"",""task-5""]","[""task-0"",""task-1"",""task-2"",""task-3"",""task-4"",""task-5""]",[],[],"[""task-4"",""task-5""]","[""task-4"",""task-5""]","{""action"":9,""all_required_fields_known_valid"":true,""arrival_slack_using_current_distance"":5.600274532632512,""deadline"":12.403410911560059,""deadline_age"":1.0,""decision_time"":4.000000029802322,""distance"":2.803136349125224,""energy"":8.850000381469727,""energy_margin_at_0.35_per_distance"":7.868902659275898,""feature_signature_sha256"":""8de185be0721a4ab01b8c9b58eef166071ef42ca87cb64adde176dd164f39bc4"",""task_id"":""task-3"",""task_position_age"":1.0,""transparent_conservative_energy"":8.800000381469726,""transparent_distance_with_uav_position_age"":3.803136349125224,""uav_energy_age"":1.0,""uav_id"":""uav-1"",""uav_position_age"":1.0}","{""action"":8,""all_required_fields_known_valid"":true,""arrival_slack_using_current_distance"":4.489090157675037,""deadline"":11.160101890563965,""deadline_age"":1.0,""decision_time"":4.000000029802322,""distance"":2.6710117030866054,""energy"":8.850000381469727,""energy_margin_at_0.35_per_distance"":7.915146285389415,""feature_signature_sha256"":""defaf02e6ba5693d7533291b9abcdab0e434d9b8ba6a32375487d70353233a70"",""task_id"":""task-2"",""task_position_age"":1.0,""transparent_conservative_energy"":8.800000381469726,""transparent_distance_with_uav_position_age"":3.6710117030866054,""uav_energy_age"":1.0,""uav_id"":""uav-1"",""uav_position_age"":1.0}","[1.0,0.0,0.0,0.0]",unavailable_not_persisted,0,0,0,False,False
prediction_evaluation:train-0005:r1:s5,train-0005,1,5,"[1,3,19,21,24]",6784fde17fb3ac484b828592d0ec3ec927498b153cdc810ed7c7394e5838cc73,55afbf46b0344a4d1a206f0312fa25292d3092b42fa9b7fb60ce3682c755ade9,3,1,0.17351256474646054,0.17626536492265024,-0.0027528001761897014,transparent_better,0.13163935794114928,0.12888655776495958,0.1941053432934,0.26008593666,-0.0659805933666,0.0,-0.0627653432934,0.0627653432934,-0.020592778546939472,-0.021055228443949747,0.0004624498970102753,3.790741075567073,3.88203444298556,accepted,accepted,accepted,accepted,5,5,1,1,"[""task-0"",""task-2"",""task-3"",""task-4"",""task-5""]","[""task-0"",""task-1"",""task-2"",""task-4"",""task-5""]","[""task-1""]","[""task-3""]","[""task-5""]",[],"{""action"":3,""all_required_fields_known_valid"":true,""arrival_slack_using_current_distance"":4.435330212542105,""deadline"":11.692325592041016,""deadline_age"":1.0,""decision_time"":5.000000238418579,""distance"":2.256995141080331,""energy"":8.34558391571045,""energy_margin_at_0.35_per_distance"":7.555635616332333,""feature_signature_sha256"":""1e7c953e08673a94be3ad821ffed2f256d43850b9eb1d74dc491cd9089754cf0"",""task_id"":""task-3"",""task_position_age"":1.0,""transparent_conservative_energy"":8.295583915710449,""transparent_distance_with_uav_position_age"":3.256995141080331,""uav_energy_age"":1.0,""uav_id"":""uav-0"",""uav_position_age"":1.0}","{""action"":1,""all_required_fields_known_valid"":true,""arrival_slack_using_current_distance"":1.322204514124116,""deadline"":8.124946594238281,""deadline_age"":1.0,""decision_time"":5.000000238418579,""distance"":1.802741841695586,""energy"":8.34558391571045,""energy_margin_at_0.35_per_distance"":7.714624271116994,""feature_signature_sha256"":""0fe16f31731f8e62c2d38e48d4b93cd61842f4007967eb3c20199d40891d0a8a"",""task_id"":""task-1"",""task_position_age"":2.0,""transparent_conservative_energy"":8.295583915710449,""transparent_distance_with_uav_position_age"":2.8027418416955863,""uav_energy_age"":1.0,""uav_id"":""uav-0"",""uav_position_age"":1.0}","[2.0,1.0,0.0,0.0]",unavailable_not_persisted,0,0,0,False,False
prediction_evaluation:train-0005:r2:s4,train-0005,2,4,"[2,14,20,24]",dd099f88f663e909a4790110372813762d9358892ac3b24acb81ebe8b9aa515d,271a139d1318d5443edba38c690a334e5a4492d091c9de06816168e16148e43a,14,2,0.3011708470724375,0.16845851283385177,0.13271233423858575,learned_better,0.0,0.13271233423858575,0.32088441395339995,0.19091564962186133,0.12996876433153862,0.0,0.0,0.0,-0.019713566880962475,-0.022457136788009546,0.0027435699070470707,3.639540760211929,4.173029735457462,accepted,accepted,accepted,accepted,6,5,0,1,"[""task-0"",""task-1"",""task-2"",""task-3"",""task-4"",""task-5""]","[""task-0"",""task-2"",""task-3"",""task-4"",""task-5""]",[],"[""task-1""]","[""task-5""]","[""task-2"",""task-5""]","{""action"":14,""all_required_fields_known_valid"":true,""arrival_slack_using_current_distance"":4.452767046950752,""deadline"":11.157527923583984,""deadline_age"":1.0,""decision_time"":4.000000029802322,""distance"":2.7047608468309097,""energy"":8.850000381469727,""energy_margin_at_0.35_per_distance"":7.9033340850789084,""feature_signature_sha256"":""98835221a087acbe20b29390804560ec95ccb976ae7972b298f3c79cc589f10a"",""task_id"":""task-2"",""task_position_age"":1.0,""transparent_conservative_energy"":8.800000381469726,""transparent_distance_with_uav_position_age"":3.7047608468309097,""uav_energy_age"":1.0,""uav_id"":""uav-2"",""uav_position_age"":1.0}","{""action"":2,""all_required_fields_known_valid"":true,""arrival_slack_using_current_distance"":5.1713761615456155,""deadline"":11.157527923583984,""deadline_age"":1.0,""decision_time"":4.000000029802322,""distance"":1.9861517322360462,""energy"":8.600000381469727,""energy_margin_at_0.35_per_distance"":7.904847275187111,""feature_signature_sha256"":""8e584b87782a6837577b44d149133e5c4d3b477e243cb0663b18a0ff24f7d2f5"",""task_id"":""task-2"",""task_position_age"":1.0,""transparent_conservative_energy"":8.500000381469727,""transparent_distance_with_uav_position_age"":2.9861517322360465,""uav_energy_age"":2.0,""uav_id"":""uav-0"",""uav_position_age"":1.0}","[2.0,1.0,0.0,0.0]",unavailable_not_persisted,0,0,0,False,False
prediction_evaluation:train-0006:r2:s4,train-0006,2,4,"[2,3,14,15,20,21,24]",3caf3f0c109cce7be39886645a705af4c89b86604aca3dad6aace046e58ae661,5ff4995fc57e05fd2b3c963af26dc8b8c9cfde6cfc2390d379a299e7dc171cb9,3,14,0.28982492788603786,0.3002767329593088,-0.010451805073270926,transparent_better,0.010451805073270926,0.0,0.31966721783224267,0.3215444139534,-0.0018771961211573318,0.0,0.0,0.0,-0.029842289946204817,-0.02126768099409116,-0.008574608952113656,5.578993956591688,3.932873077588013,accepted,accepted,accepted,accepted,6,6,0,0,"[""task-0"",""task-1"",""task-2"",""task-3"",""task-4"",""task-5""]","[""task-0"",""task-1"",""task-2"",""task-3"",""task-4"",""task-5""]",[],[],"[""task-5""]","[""task-5""]","{""action"":3,""all_required_fields_known_valid"":true,""arrival_slack_using_current_distance"":5.978406745650195,""deadline"":11.565725326538086,""deadline_age"":1.0,""decision_time"":4.000000029802322,""distance"":1.5873185510855692,""energy"":8.43885612487793,""energy_margin_at_0.35_per_distance"":7.88329463199798,""feature_signature_sha256"":""c22041a948afc70d38544f9ed4a20e2ee7324739d4dc7a10a66788033ee08cf4"",""task_id"":""task-3"",""task_position_age"":1.0,""transparent_conservative_energy"":8.388856124877929,""transparent_distance_with_uav_position_age"":3.587318551085569,""uav_energy_age"":1.0,""uav_id"":""uav-0"",""uav_position_age"":2.0}","{""action"":14,""all_required_fields_known_valid"":true,""arrival_slack_using_current_distance"":5.132948321798285,""deadline"":11.645966529846191,""deadline_age"":1.0,""decision_time"":4.000000029802322,""distance"":2.513018178245584,""energy"":8.850000381469727,""energy_margin_at_0.35_per_distance"":7.970444019083772,""feature_signature_sha256"":""c50501cdca51ed6118dce4650a4d9370cb4a7087b17cdb567003ce6c9085cac2"",""task_id"":""task-2"",""task_position_age"":1.0,""transparent_conservative_energy"":8.800000381469726,""transparent_distance_with_uav_position_age"":3.513018178245584,""uav_energy_age"":1.0,""uav_id"":""uav-2"",""uav_position_age"":1.0}","[2.0,1.0,0.0,0.0]",unavailable_not_persisted,0,0,0,False,False
prediction_evaluation:train-0007:r0:s5,train-0007,0,5,"[2,3,14,15,20,21,24]",301dab11bba524833f0dcde07bd3898151b9c1fdec30b1cb5007a1d274263e8f,fd7db2887c58e9bafab5b5d0a6f6098b81a72e0bd6a84e4c327274dd6db63b3a,14,3,0.3025975601974642,0.17385767707222716,0.12873988312523704,learned_better,0.0,0.12873988312523704,0.3234983439600666,0.19474613466666663,0.12875220929339998,0.0,0.0,0.0,-0.020900783762602494,-0.020888457594439483,-1.2326168163011297e-05,3.855020811647826,3.8722736160536684,accepted,unknown,accepted,resource_unavailable,6,5,0,1,"[""task-0"",""task-1"",""task-2"",""task-3"",""task-4"",""task-5""]","[""task-0"",""task-1"",""task-3"",""task-4"",""task-5""]",[],"[""task-2""]","[""task-5""]","[""task-5""]","{""action"":14,""all_required_fields_known_valid"":true,""arrival_slack_using_current_distance"":3.714974410142675,""deadline"":11.304204940795898,""deadline_age"":1.0,""decision_time"":5.000000238418579,""distance"":2.589230292234644,""energy"":8.800000190734863,""energy_margin_at_0.35_per_distance"":7.893769588452738,""feature_signature_sha256"":""5d33d8c0efd8f47faec7a57a1cce9ae2cb525d9ecce0a9532e5bb301bb3bee28"",""task_id"":""task-2"",""task_position_age"":1.0,""transparent_conservative_energy"":8.750000190734863,""transparent_distance_with_uav_position_age"":3.589230292234644,""uav_energy_age"":1.0,""uav_id"":""uav-2"",""uav_position_age"":1.0}","{""action"":3,""all_required_fields_known_valid"":true,""arrival_slack_using_current_distance"":4.891319854400614,""deadline"":11.82638168334961,""deadline_age"":1.0,""decision_time"":5.000000238418579,""distance"":1.9350615905304163,""energy"":8.355874061584473,""energy_margin_at_0.35_per_distance"":7.678602504898827,""feature_signature_sha256"":""9dad7519d160ff64f70f495db864623981d8c281421dfa8daeca7b057efd3576"",""task_id"":""task-3"",""task_position_age"":1.0,""transparent_conservative_energy"":8.305874061584472,""transparent_distance_with_uav_position_age"":2.9350615905304163,""uav_energy_age"":1.0,""uav_id"":""uav-0"",""uav_position_age"":1.0}","[2.0,2.0,1.0,0.0]",unavailable_not_persisted,0,0,0,False,True
prediction_evaluation:train-0007:r1:s5,train-0007,1,5,"[2,14,20,24]",3dbf334c550d7ffbed7c3d9232bab8a7fa2fc178018dbb57f22cf9a3ed6d1524,3bc90d8b8706418f6d90932aa086cc90ea30cff928e28142fe8cee557c87c5ad,14,2,0.301669727008235,0.16999562415313704,0.13167410285509798,learned_better,0.0,0.13167410285509798,0.32346567066,0.19407946799999998,0.12938620266,0.0,0.0,0.0,-0.021795943651764963,-0.024083843846862928,0.0022879001950979645,4.005020811647832,4.464509523139071,accepted,unknown,accepted,resource_unavailable,6,5,0,1,"[""task-0"",""task-1"",""task-2"",""task-3"",""task-4"",""task-5""]","[""task-0"",""task-1"",""task-3"",""task-4"",""task-5""]",[],"[""task-2""]","[""task-5""]","[""task-5""]","{""action"":14,""all_required_fields_known_valid"":true,""arrival_slack_using_current_distance"":3.714974410142675,""deadline"":11.304204940795898,""deadline_age"":1.0,""decision_time"":5.000000238418579,""distance"":2.589230292234644,""energy"":8.800000190734863,""energy_margin_at_0.35_per_distance"":7.893769588452738,""feature_signature_sha256"":""5d33d8c0efd8f47faec7a57a1cce9ae2cb525d9ecce0a9532e5bb301bb3bee28"",""task_id"":""task-2"",""task_position_age"":1.0,""transparent_conservative_energy"":8.750000190734863,""transparent_distance_with_uav_position_age"":3.589230292234644,""uav_energy_age"":1.0,""uav_id"":""uav-2"",""uav_position_age"":1.0}","{""action"":2,""all_required_fields_known_valid"":true,""arrival_slack_using_current_distance"":4.134472189694009,""deadline"":11.304204940795898,""deadline_age"":1.0,""decision_time"":5.000000238418579,""distance"":2.1697325126833107,""energy"":8.355874061584473,""energy_margin_at_0.35_per_distance"":7.596467682145314,""feature_signature_sha256"":""951a9d2d2c63e4783a9edef63210d059e7418743278ebd57e74dfeeb7ab8c051"",""task_id"":""task-2"",""task_position_age"":1.0,""transparent_conservative_energy"":8.305874061584472,""transparent_distance_with_uav_position_age"":3.1697325126833107,""uav_energy_age"":1.0,""uav_id"":""uav-0"",""uav_position_age"":1.0}","[2.0,1.0,0.0,0.0]",unavailable_not_persisted,0,0,0,False,True
prediction_evaluation:train-0007:r2:s4,train-0007,2,4,"[8,14,20,24]",0aff44c77e4daf1647f10a597afbfcaca6210a2e71879dcab61694d59d7345ad,f69a40f3c64ea2ff202f9e804c127446d82bfd62d05b8810b460df70fd6f0bee,14,8,0.03639656760117442,0.16440769245356138,-0.12801112485238697,transparent_better,0.12801112485238697,0.0,0.124903033153866,0.2530209929152613,-0.1281179597613953,-0.0646866,-0.0646866,0.0,-0.023819865552691576,-0.02392670046169997,0.00010683490900839296,4.455199692033808,4.448561312523687,command_transport_lost,accepted,command_lost,accepted,4,5,2,1,"[""task-0"",""task-3"",""task-4"",""task-5""]","[""task-0"",""task-2"",""task-3"",""task-4"",""task-5""]","[""task-1"",""task-2""]","[""task-1""]","[""task-3"",""task-5""]","[""task-5""]","{""action"":14,""all_required_fields_known_valid"":true,""arrival_slack_using_current_distance"":4.714974618758932,""deadline"":11.304204940795898,""deadline_age"":1.0,""decision_time"":4.000000029802322,""distance"":2.589230292234644,""energy"":8.850000381469727,""energy_margin_at_0.35_per_distance"":7.943769779187601,""feature_signature_sha256"":""eba09f7e54fa20b1fd864315184ea691068d3304369b31904ab6a191e47c7126"",""task_id"":""task-2"",""task_position_age"":1.0,""transparent_conservative_energy"":8.800000381469726,""transparent_distance_with_uav_position_age"":3.589230292234644,""uav_energy_age"":1.0,""uav_id"":""uav-2"",""uav_position_age"":1.0}","{""action"":8,""all_required_fields_known_valid"":true,""arrival_slack_using_current_distance"":5.134472398310265,""deadline"":11.304204940795898,""deadline_age"":1.0,""decision_time"":4.000000029802322,""distance"":2.1697325126833107,""energy"":8.405874252319336,""energy_margin_at_0.35_per_distance"":7.646467872880177,""feature_signature_sha256"":""dbf750a340bb06531b0360326cb723eb99df4a1d3c0f0e9ecdecf00bab3b5385"",""task_id"":""task-2"",""task_position_age"":1.0,""transparent_conservative_energy"":8.355874252319335,""transparent_distance_with_uav_position_age"":3.1697325126833107,""uav_energy_age"":1.0,""uav_id"":""uav-1"",""uav_position_age"":1.0}","[2.0,1.0,0.0,0.0]",unavailable_not_persisted,0,0,0,False,False
