decision_id,parent,repeat,learned_action,transparent_action,learned_true_utility,transparent_true_utility,learned_minus_transparent_utility,same_action
prediction_evaluation:train-0005:r0:s5,train-0005,0,21,21,0.2354662092476071,0.2354662092476071,0.0,True
prediction_evaluation:train-0005:r1:s5,train-0005,1,3,1,0.17351256474646054,0.17626536492265024,-0.0027528001761897014,False
prediction_evaluation:train-0005:r2:s4,train-0005,2,14,2,0.3011708470724375,0.16845851283385177,0.13271233423858575,False
prediction_evaluation:train-0006:r0:s4,train-0006,0,14,14,0.16387745651237173,0.16387745651237173,0.0,True
prediction_evaluation:train-0006:r1:s4,train-0006,1,14,14,0.1639143366877828,0.1639143366877828,0.0,True
prediction_evaluation:train-0006:r2:s4,train-0006,2,3,14,0.28982492788603786,0.3002767329593088,-0.010451805073270926,False
prediction_evaluation:train-0007:r0:s5,train-0007,0,14,3,0.3025975601974642,0.17385767707222716,0.12873988312523704,False
prediction_evaluation:train-0007:r1:s5,train-0007,1,14,2,0.301669727008235,0.16999562415313704,0.13167410285509798,False
prediction_evaluation:train-0007:r2:s4,train-0007,2,14,8,0.03639656760117442,0.16440769245356138,-0.12801112485238697,False
