variant,predictor,decision_id,parent,repeat,action,true_utility,regret,focus_disagreement_window
A,seed:7101,prediction_evaluation:train-0000:r0:s4,train-0000,0,14,0.2994970572945474,0.0,False
A,seed:7101,prediction_evaluation:train-0000:r1:s5,train-0000,1,24,0.3037066227210946,0.0,False
A,seed:7101,prediction_evaluation:train-0000:r2:s4,train-0000,2,14,0.2945305523953625,0.0,False
A,seed:7101,prediction_evaluation:train-0001:r0:s6,train-0001,0,10,0.17959418870425814,0.004519800752838671,True
A,seed:7101,prediction_evaluation:train-0001:r1:s4,train-0001,1,14,0.2929977644350309,0.0,False
A,seed:7101,prediction_evaluation:train-0001:r2:s5,train-0001,2,3,0.3049273607426453,0.007165555795638545,False
A,seed:7101,prediction_evaluation:train-0002:r0:s4,train-0002,0,14,0.3005059537884739,0.0005037452566493683,False
A,seed:7101,prediction_evaluation:train-0002:r1:s4,train-0002,1,20,0.29223726119321114,0.004313181091842533,True
A,seed:7101,prediction_evaluation:train-0002:r2:s4,train-0002,2,3,0.29964573080958173,0.0,False
A,seed:7101,prediction_evaluation:train-0003:r0:s7,train-0003,0,10,0.18199565795969697,0.0005533844159508472,True
A,seed:7101,prediction_evaluation:train-0003:r1:s5,train-0003,1,3,0.17394982178350424,0.1357056526002637,False
A,seed:7101,prediction_evaluation:train-0003:r2:s5,train-0003,2,9,0.3068467045836317,0.0,False
A,seed:7101,prediction_evaluation:train-0004:r0:s5,train-0004,0,3,0.17733273636139857,0.1313819031963871,False
A,seed:7101,prediction_evaluation:train-0004:r1:s4,train-0004,1,14,0.1698640542646157,0.0,False
A,seed:7101,prediction_evaluation:train-0004:r2:s4,train-0004,2,9,0.2949572700557487,0.003850560423827698,True
A,seed:7101,prediction_evaluation:train-0005:r0:s5,train-0005,0,24,0.23980660829821152,0.0,False
A,seed:7101,prediction_evaluation:train-0005:r1:s5,train-0005,1,1,0.17626536492265024,0.12888655776495958,True
A,seed:7101,prediction_evaluation:train-0005:r2:s4,train-0005,2,14,0.3011708470724375,0.0,True
A,seed:7101,prediction_evaluation:train-0006:r0:s4,train-0006,0,14,0.16387745651237173,0.002638653230618626,False
A,seed:7101,prediction_evaluation:train-0006:r1:s4,train-0006,1,14,0.1639143366877828,0.0,False
A,seed:7101,prediction_evaluation:train-0006:r2:s4,train-0006,2,14,0.3002767329593088,0.0,True
A,seed:7101,prediction_evaluation:train-0007:r0:s5,train-0007,0,14,0.3025975601974642,0.0,True
A,seed:7101,prediction_evaluation:train-0007:r1:s5,train-0007,1,14,0.301669727008235,0.0,True
A,seed:7101,prediction_evaluation:train-0007:r2:s4,train-0007,2,14,0.03639656760117442,0.12801112485238697,True
A,seed:7102,prediction_evaluation:train-0000:r0:s4,train-0000,0,3,0.291583674080754,0.007913383213793423,False
A,seed:7102,prediction_evaluation:train-0000:r1:s5,train-0000,1,3,0.29929509682016103,0.004411525900933577,False
A,seed:7102,prediction_evaluation:train-0000:r2:s4,train-0000,2,3,0.291583674080754,0.0029468783146085475,False
A,seed:7102,prediction_evaluation:train-0001:r0:s6,train-0001,0,24,0.1841139894570968,0.0,True
A,seed:7102,prediction_evaluation:train-0001:r1:s4,train-0001,1,3,0.29071824101412824,0.0022795234209026516,False
A,seed:7102,prediction_evaluation:train-0001:r2:s5,train-0001,2,3,0.3049273607426453,0.007165555795638545,False
A,seed:7102,prediction_evaluation:train-0002:r0:s4,train-0002,0,3,0.2959648397019055,0.005044859343217745,False
A,seed:7102,prediction_evaluation:train-0002:r1:s4,train-0002,1,20,0.29223726119321114,0.004313181091842533,True
A,seed:7102,prediction_evaluation:train-0002:r2:s4,train-0002,2,3,0.29964573080958173,0.0,False
A,seed:7102,prediction_evaluation:train-0003:r0:s7,train-0003,0,24,0.1825490423756478,0.0,True
A,seed:7102,prediction_evaluation:train-0003:r1:s5,train-0003,1,3,0.17394982178350424,0.1357056526002637,False
A,seed:7102,prediction_evaluation:train-0003:r2:s5,train-0003,2,24,0.3062587183850849,0.0005879861985468304,False
A,seed:7102,prediction_evaluation:train-0004:r0:s5,train-0004,0,3,0.17733273636139857,0.1313819031963871,False
A,seed:7102,prediction_evaluation:train-0004:r1:s4,train-0004,1,3,0.16429068092523258,0.005573373339383125,False
A,seed:7102,prediction_evaluation:train-0004:r2:s4,train-0004,2,24,0.29554980776452555,0.0032580227150508234,True
A,seed:7102,prediction_evaluation:train-0005:r0:s5,train-0005,0,24,0.23980660829821152,0.0,False
A,seed:7102,prediction_evaluation:train-0005:r1:s5,train-0005,1,3,0.17351256474646054,0.13163935794114928,True
A,seed:7102,prediction_evaluation:train-0005:r2:s4,train-0005,2,24,0.28907613018135075,0.012094716891086765,True
A,seed:7102,prediction_evaluation:train-0006:r0:s4,train-0006,0,20,0.16651610974299036,0.0,False
A,seed:7102,prediction_evaluation:train-0006:r1:s4,train-0006,1,20,0.1639143366877828,0.0,False
A,seed:7102,prediction_evaluation:train-0006:r2:s4,train-0006,2,3,0.28982492788603786,0.010451805073270926,True
A,seed:7102,prediction_evaluation:train-0007:r0:s5,train-0007,0,3,0.17385767707222716,0.12873988312523704,True
A,seed:7102,prediction_evaluation:train-0007:r1:s5,train-0007,1,20,0.3003832699718305,0.0012864570364045091,True
A,seed:7102,prediction_evaluation:train-0007:r2:s4,train-0007,2,20,0.16246172058608072,0.0019459718674806614,True
A,seed:7103,prediction_evaluation:train-0000:r0:s4,train-0000,0,21,0.29332166385252606,0.0061753934420213374,False
A,seed:7103,prediction_evaluation:train-0000:r1:s5,train-0000,1,21,0.30203995605442796,0.0016666666666666496,False
A,seed:7103,prediction_evaluation:train-0000:r2:s4,train-0000,2,21,0.2919759907044318,0.0025545616909307123,False
A,seed:7103,prediction_evaluation:train-0001:r0:s6,train-0001,0,10,0.17959418870425814,0.004519800752838671,True
A,seed:7103,prediction_evaluation:train-0001:r1:s4,train-0001,1,3,0.29071824101412824,0.0022795234209026516,False
A,seed:7103,prediction_evaluation:train-0001:r2:s5,train-0001,2,3,0.3049273607426453,0.007165555795638545,False
A,seed:7103,prediction_evaluation:train-0002:r0:s4,train-0002,0,3,0.2959648397019055,0.005044859343217745,False
A,seed:7103,prediction_evaluation:train-0002:r1:s4,train-0002,1,20,0.29223726119321114,0.004313181091842533,True
A,seed:7103,prediction_evaluation:train-0002:r2:s4,train-0002,2,3,0.29964573080958173,0.0,False
A,seed:7103,prediction_evaluation:train-0003:r0:s7,train-0003,0,4,0.17998152678184104,0.002567515593806774,True
A,seed:7103,prediction_evaluation:train-0003:r1:s5,train-0003,1,3,0.17394982178350424,0.1357056526002637,False
A,seed:7103,prediction_evaluation:train-0003:r2:s5,train-0003,2,21,0.304881529528047,0.0019651750555847447,False
A,seed:7103,prediction_evaluation:train-0004:r0:s5,train-0004,0,3,0.17733273636139857,0.1313819031963871,False
A,seed:7103,prediction_evaluation:train-0004:r1:s4,train-0004,1,3,0.16429068092523258,0.005573373339383125,False
A,seed:7103,prediction_evaluation:train-0004:r2:s4,train-0004,2,21,0.29556244915317653,0.0032453813263998432,True
A,seed:7103,prediction_evaluation:train-0005:r0:s5,train-0005,0,21,0.2354662092476071,0.004340399050604404,False
A,seed:7103,prediction_evaluation:train-0005:r1:s5,train-0005,1,3,0.17351256474646054,0.13163935794114928,True
A,seed:7103,prediction_evaluation:train-0005:r2:s4,train-0005,2,14,0.3011708470724375,0.0,True
A,seed:7103,prediction_evaluation:train-0006:r0:s4,train-0006,0,21,0.1623457354071946,0.004170374335795757,False
A,seed:7103,prediction_evaluation:train-0006:r1:s4,train-0006,1,21,0.16390734424673953,6.992441043268682e-06,False
A,seed:7103,prediction_evaluation:train-0006:r2:s4,train-0006,2,3,0.28982492788603786,0.010451805073270926,True
A,seed:7103,prediction_evaluation:train-0007:r0:s5,train-0007,0,14,0.3025975601974642,0.0,True
A,seed:7103,prediction_evaluation:train-0007:r1:s5,train-0007,1,14,0.301669727008235,0.0,True
A,seed:7103,prediction_evaluation:train-0007:r2:s4,train-0007,2,14,0.03639656760117442,0.12801112485238697,True
A,ensemble,prediction_evaluation:train-0000:r0:s4,train-0000,0,3,0.291583674080754,0.007913383213793423,False
A,ensemble,prediction_evaluation:train-0000:r1:s5,train-0000,1,3,0.29929509682016103,0.004411525900933577,False
A,ensemble,prediction_evaluation:train-0000:r2:s4,train-0000,2,3,0.291583674080754,0.0029468783146085475,False
A,ensemble,prediction_evaluation:train-0001:r0:s6,train-0001,0,10,0.17959418870425814,0.004519800752838671,True
A,ensemble,prediction_evaluation:train-0001:r1:s4,train-0001,1,3,0.29071824101412824,0.0022795234209026516,False
A,ensemble,prediction_evaluation:train-0001:r2:s5,train-0001,2,3,0.3049273607426453,0.007165555795638545,False
A,ensemble,prediction_evaluation:train-0002:r0:s4,train-0002,0,3,0.2959648397019055,0.005044859343217745,False
A,ensemble,prediction_evaluation:train-0002:r1:s4,train-0002,1,20,0.29223726119321114,0.004313181091842533,True
A,ensemble,prediction_evaluation:train-0002:r2:s4,train-0002,2,3,0.29964573080958173,0.0,False
A,ensemble,prediction_evaluation:train-0003:r0:s7,train-0003,0,24,0.1825490423756478,0.0,True
A,ensemble,prediction_evaluation:train-0003:r1:s5,train-0003,1,3,0.17394982178350424,0.1357056526002637,False
A,ensemble,prediction_evaluation:train-0003:r2:s5,train-0003,2,9,0.3068467045836317,0.0,False
A,ensemble,prediction_evaluation:train-0004:r0:s5,train-0004,0,3,0.17733273636139857,0.1313819031963871,False
A,ensemble,prediction_evaluation:train-0004:r1:s4,train-0004,1,3,0.16429068092523258,0.005573373339383125,False
A,ensemble,prediction_evaluation:train-0004:r2:s4,train-0004,2,9,0.2949572700557487,0.003850560423827698,True
A,ensemble,prediction_evaluation:train-0005:r0:s5,train-0005,0,21,0.2354662092476071,0.004340399050604404,False
A,ensemble,prediction_evaluation:train-0005:r1:s5,train-0005,1,3,0.17351256474646054,0.13163935794114928,True
A,ensemble,prediction_evaluation:train-0005:r2:s4,train-0005,2,14,0.3011708470724375,0.0,True
A,ensemble,prediction_evaluation:train-0006:r0:s4,train-0006,0,14,0.16387745651237173,0.002638653230618626,False
A,ensemble,prediction_evaluation:train-0006:r1:s4,train-0006,1,14,0.1639143366877828,0.0,False
A,ensemble,prediction_evaluation:train-0006:r2:s4,train-0006,2,3,0.28982492788603786,0.010451805073270926,True
A,ensemble,prediction_evaluation:train-0007:r0:s5,train-0007,0,14,0.3025975601974642,0.0,True
A,ensemble,prediction_evaluation:train-0007:r1:s5,train-0007,1,14,0.301669727008235,0.0,True
A,ensemble,prediction_evaluation:train-0007:r2:s4,train-0007,2,14,0.03639656760117442,0.12801112485238697,True
B,seed:7101,prediction_evaluation:train-0000:r0:s4,train-0000,0,14,0.2994970572945474,0.0,False
B,seed:7101,prediction_evaluation:train-0000:r1:s5,train-0000,1,21,0.30203995605442796,0.0016666666666666496,False
B,seed:7101,prediction_evaluation:train-0000:r2:s4,train-0000,2,14,0.2945305523953625,0.0,False
B,seed:7101,prediction_evaluation:train-0001:r0:s6,train-0001,0,10,0.17959418870425814,0.004519800752838671,True
B,seed:7101,prediction_evaluation:train-0001:r1:s4,train-0001,1,14,0.2929977644350309,0.0,False
B,seed:7101,prediction_evaluation:train-0001:r2:s5,train-0001,2,3,0.3049273607426453,0.007165555795638545,False
B,seed:7101,prediction_evaluation:train-0002:r0:s4,train-0002,0,14,0.3005059537884739,0.0005037452566493683,False
B,seed:7101,prediction_evaluation:train-0002:r1:s4,train-0002,1,20,0.29223726119321114,0.004313181091842533,True
B,seed:7101,prediction_evaluation:train-0002:r2:s4,train-0002,2,3,0.29964573080958173,0.0,False
B,seed:7101,prediction_evaluation:train-0003:r0:s7,train-0003,0,10,0.18199565795969697,0.0005533844159508472,True
B,seed:7101,prediction_evaluation:train-0003:r1:s5,train-0003,1,3,0.17394982178350424,0.1357056526002637,False
B,seed:7101,prediction_evaluation:train-0003:r2:s5,train-0003,2,9,0.3068467045836317,0.0,False
B,seed:7101,prediction_evaluation:train-0004:r0:s5,train-0004,0,3,0.17733273636139857,0.1313819031963871,False
B,seed:7101,prediction_evaluation:train-0004:r1:s4,train-0004,1,14,0.1698640542646157,0.0,False
B,seed:7101,prediction_evaluation:train-0004:r2:s4,train-0004,2,9,0.2949572700557487,0.003850560423827698,True
B,seed:7101,prediction_evaluation:train-0005:r0:s5,train-0005,0,24,0.23980660829821152,0.0,False
B,seed:7101,prediction_evaluation:train-0005:r1:s5,train-0005,1,1,0.17626536492265024,0.12888655776495958,True
B,seed:7101,prediction_evaluation:train-0005:r2:s4,train-0005,2,14,0.3011708470724375,0.0,True
B,seed:7101,prediction_evaluation:train-0006:r0:s4,train-0006,0,14,0.16387745651237173,0.002638653230618626,False
B,seed:7101,prediction_evaluation:train-0006:r1:s4,train-0006,1,14,0.1639143366877828,0.0,False
B,seed:7101,prediction_evaluation:train-0006:r2:s4,train-0006,2,14,0.3002767329593088,0.0,True
B,seed:7101,prediction_evaluation:train-0007:r0:s5,train-0007,0,14,0.3025975601974642,0.0,True
B,seed:7101,prediction_evaluation:train-0007:r1:s5,train-0007,1,14,0.301669727008235,0.0,True
B,seed:7101,prediction_evaluation:train-0007:r2:s4,train-0007,2,14,0.03639656760117442,0.12801112485238697,True
B,seed:7102,prediction_evaluation:train-0000:r0:s4,train-0000,0,3,0.291583674080754,0.007913383213793423,False
B,seed:7102,prediction_evaluation:train-0000:r1:s5,train-0000,1,3,0.29929509682016103,0.004411525900933577,False
B,seed:7102,prediction_evaluation:train-0000:r2:s4,train-0000,2,3,0.291583674080754,0.0029468783146085475,False
B,seed:7102,prediction_evaluation:train-0001:r0:s6,train-0001,0,24,0.1841139894570968,0.0,True
B,seed:7102,prediction_evaluation:train-0001:r1:s4,train-0001,1,3,0.29071824101412824,0.0022795234209026516,False
B,seed:7102,prediction_evaluation:train-0001:r2:s5,train-0001,2,3,0.3049273607426453,0.007165555795638545,False
B,seed:7102,prediction_evaluation:train-0002:r0:s4,train-0002,0,3,0.2959648397019055,0.005044859343217745,False
B,seed:7102,prediction_evaluation:train-0002:r1:s4,train-0002,1,20,0.29223726119321114,0.004313181091842533,True
B,seed:7102,prediction_evaluation:train-0002:r2:s4,train-0002,2,3,0.29964573080958173,0.0,False
B,seed:7102,prediction_evaluation:train-0003:r0:s7,train-0003,0,24,0.1825490423756478,0.0,True
B,seed:7102,prediction_evaluation:train-0003:r1:s5,train-0003,1,3,0.17394982178350424,0.1357056526002637,False
B,seed:7102,prediction_evaluation:train-0003:r2:s5,train-0003,2,24,0.3062587183850849,0.0005879861985468304,False
B,seed:7102,prediction_evaluation:train-0004:r0:s5,train-0004,0,3,0.17733273636139857,0.1313819031963871,False
B,seed:7102,prediction_evaluation:train-0004:r1:s4,train-0004,1,3,0.16429068092523258,0.005573373339383125,False
B,seed:7102,prediction_evaluation:train-0004:r2:s4,train-0004,2,24,0.29554980776452555,0.0032580227150508234,True
B,seed:7102,prediction_evaluation:train-0005:r0:s5,train-0005,0,24,0.23980660829821152,0.0,False
B,seed:7102,prediction_evaluation:train-0005:r1:s5,train-0005,1,3,0.17351256474646054,0.13163935794114928,True
B,seed:7102,prediction_evaluation:train-0005:r2:s4,train-0005,2,20,0.3011708470724375,0.0,True
B,seed:7102,prediction_evaluation:train-0006:r0:s4,train-0006,0,20,0.16651610974299036,0.0,False
B,seed:7102,prediction_evaluation:train-0006:r1:s4,train-0006,1,20,0.1639143366877828,0.0,False
B,seed:7102,prediction_evaluation:train-0006:r2:s4,train-0006,2,3,0.28982492788603786,0.010451805073270926,True
B,seed:7102,prediction_evaluation:train-0007:r0:s5,train-0007,0,3,0.17385767707222716,0.12873988312523704,True
B,seed:7102,prediction_evaluation:train-0007:r1:s5,train-0007,1,20,0.3003832699718305,0.0012864570364045091,True
B,seed:7102,prediction_evaluation:train-0007:r2:s4,train-0007,2,20,0.16246172058608072,0.0019459718674806614,True
B,seed:7103,prediction_evaluation:train-0000:r0:s4,train-0000,0,14,0.2994970572945474,0.0,False
B,seed:7103,prediction_evaluation:train-0000:r1:s5,train-0000,1,21,0.30203995605442796,0.0016666666666666496,False
B,seed:7103,prediction_evaluation:train-0000:r2:s4,train-0000,2,14,0.2945305523953625,0.0,False
B,seed:7103,prediction_evaluation:train-0001:r0:s6,train-0001,0,10,0.17959418870425814,0.004519800752838671,True
B,seed:7103,prediction_evaluation:train-0001:r1:s4,train-0001,1,3,0.29071824101412824,0.0022795234209026516,False
B,seed:7103,prediction_evaluation:train-0001:r2:s5,train-0001,2,3,0.3049273607426453,0.007165555795638545,False
B,seed:7103,prediction_evaluation:train-0002:r0:s4,train-0002,0,3,0.2959648397019055,0.005044859343217745,False
B,seed:7103,prediction_evaluation:train-0002:r1:s4,train-0002,1,20,0.29223726119321114,0.004313181091842533,True
B,seed:7103,prediction_evaluation:train-0002:r2:s4,train-0002,2,3,0.29964573080958173,0.0,False
B,seed:7103,prediction_evaluation:train-0003:r0:s7,train-0003,0,4,0.17998152678184104,0.002567515593806774,True
B,seed:7103,prediction_evaluation:train-0003:r1:s5,train-0003,1,3,0.17394982178350424,0.1357056526002637,False
B,seed:7103,prediction_evaluation:train-0003:r2:s5,train-0003,2,21,0.304881529528047,0.0019651750555847447,False
B,seed:7103,prediction_evaluation:train-0004:r0:s5,train-0004,0,3,0.17733273636139857,0.1313819031963871,False
B,seed:7103,prediction_evaluation:train-0004:r1:s4,train-0004,1,3,0.16429068092523258,0.005573373339383125,False
B,seed:7103,prediction_evaluation:train-0004:r2:s4,train-0004,2,21,0.29556244915317653,0.0032453813263998432,True
B,seed:7103,prediction_evaluation:train-0005:r0:s5,train-0005,0,21,0.2354662092476071,0.004340399050604404,False
B,seed:7103,prediction_evaluation:train-0005:r1:s5,train-0005,1,3,0.17351256474646054,0.13163935794114928,True
B,seed:7103,prediction_evaluation:train-0005:r2:s4,train-0005,2,14,0.3011708470724375,0.0,True
B,seed:7103,prediction_evaluation:train-0006:r0:s4,train-0006,0,21,0.1623457354071946,0.004170374335795757,False
B,seed:7103,prediction_evaluation:train-0006:r1:s4,train-0006,1,21,0.16390734424673953,6.992441043268682e-06,False
B,seed:7103,prediction_evaluation:train-0006:r2:s4,train-0006,2,3,0.28982492788603786,0.010451805073270926,True
B,seed:7103,prediction_evaluation:train-0007:r0:s5,train-0007,0,14,0.3025975601974642,0.0,True
B,seed:7103,prediction_evaluation:train-0007:r1:s5,train-0007,1,14,0.301669727008235,0.0,True
B,seed:7103,prediction_evaluation:train-0007:r2:s4,train-0007,2,14,0.03639656760117442,0.12801112485238697,True
B,ensemble,prediction_evaluation:train-0000:r0:s4,train-0000,0,3,0.291583674080754,0.007913383213793423,False
B,ensemble,prediction_evaluation:train-0000:r1:s5,train-0000,1,3,0.29929509682016103,0.004411525900933577,False
B,ensemble,prediction_evaluation:train-0000:r2:s4,train-0000,2,3,0.291583674080754,0.0029468783146085475,False
B,ensemble,prediction_evaluation:train-0001:r0:s6,train-0001,0,10,0.17959418870425814,0.004519800752838671,True
B,ensemble,prediction_evaluation:train-0001:r1:s4,train-0001,1,3,0.29071824101412824,0.0022795234209026516,False
B,ensemble,prediction_evaluation:train-0001:r2:s5,train-0001,2,3,0.3049273607426453,0.007165555795638545,False
B,ensemble,prediction_evaluation:train-0002:r0:s4,train-0002,0,3,0.2959648397019055,0.005044859343217745,False
B,ensemble,prediction_evaluation:train-0002:r1:s4,train-0002,1,20,0.29223726119321114,0.004313181091842533,True
B,ensemble,prediction_evaluation:train-0002:r2:s4,train-0002,2,3,0.29964573080958173,0.0,False
B,ensemble,prediction_evaluation:train-0003:r0:s7,train-0003,0,24,0.1825490423756478,0.0,True
B,ensemble,prediction_evaluation:train-0003:r1:s5,train-0003,1,3,0.17394982178350424,0.1357056526002637,False
B,ensemble,prediction_evaluation:train-0003:r2:s5,train-0003,2,9,0.3068467045836317,0.0,False
B,ensemble,prediction_evaluation:train-0004:r0:s5,train-0004,0,3,0.17733273636139857,0.1313819031963871,False
B,ensemble,prediction_evaluation:train-0004:r1:s4,train-0004,1,3,0.16429068092523258,0.005573373339383125,False
B,ensemble,prediction_evaluation:train-0004:r2:s4,train-0004,2,9,0.2949572700557487,0.003850560423827698,True
B,ensemble,prediction_evaluation:train-0005:r0:s5,train-0005,0,21,0.2354662092476071,0.004340399050604404,False
B,ensemble,prediction_evaluation:train-0005:r1:s5,train-0005,1,3,0.17351256474646054,0.13163935794114928,True
B,ensemble,prediction_evaluation:train-0005:r2:s4,train-0005,2,14,0.3011708470724375,0.0,True
B,ensemble,prediction_evaluation:train-0006:r0:s4,train-0006,0,14,0.16387745651237173,0.002638653230618626,False
B,ensemble,prediction_evaluation:train-0006:r1:s4,train-0006,1,14,0.1639143366877828,0.0,False
B,ensemble,prediction_evaluation:train-0006:r2:s4,train-0006,2,3,0.28982492788603786,0.010451805073270926,True
B,ensemble,prediction_evaluation:train-0007:r0:s5,train-0007,0,14,0.3025975601974642,0.0,True
B,ensemble,prediction_evaluation:train-0007:r1:s5,train-0007,1,14,0.301669727008235,0.0,True
B,ensemble,prediction_evaluation:train-0007:r2:s4,train-0007,2,14,0.03639656760117442,0.12801112485238697,True
