decision_id,parent,repeat,method,action,uav_id,task_id,true_utility,completion_component,expiry_component,energy_component,energy_used,first_feedback,acceptance_class,decision_time,distance,deadline,arrival_slack,energy,uav_position_age,uav_energy_age,task_position_age,deadline_age,required_fields_known_valid,prior_history_continuation_counts_newest_first,current_confirmed_continuation
prediction_evaluation:train-0001:r0:s6,train-0001,0,learned,10,uav-1,task-4,0.17959418870425814,0.19540600332666666,0.0,-0.015811814622408507,2.9087048996225633,accepted,accepted,6.000000178813934,2.849306992862322,14.674592018127441,5.825284846451185,8.271888732910156,1.0,1.0,1.0,1.0,True,"[3.0,3.0,2.0,1.0]",unavailable_not_persisted
prediction_evaluation:train-0001:r0:s6,train-0001,0,transparent,4,uav-0,task-4,0.17965829777750153,0.19349095652713266,0.0,-0.013832658749631126,2.5803417552909877,resource_unavailable,unknown,6.000000178813934,2.0321111728396466,14.674592018127441,6.64248066647386,7.668217658996582,1.0,1.0,1.0,1.0,True,"[3.0,3.0,2.0,1.0]",unavailable_not_persisted
prediction_evaluation:train-0002:r1:s4,train-0002,1,learned,20,uav-3,task-2,0.29223726119321114,0.3203340028223273,0.0,-0.028096741629116198,5.24608453491107,accepted,accepted,4.000000029802322,2.6582722198683553,10.971768379211426,4.313496129540749,8.850000381469727,1.0,1.0,1.0,1.0,True,"[2.0,1.0,0.0,0.0]",unavailable_not_persisted
prediction_evaluation:train-0002:r1:s4,train-0002,1,transparent,2,uav-0,task-2,0.28698669054452497,0.31649078298610867,0.0,-0.02950409244158376,5.52409515568603,accepted,accepted,4.000000029802322,2.6244890183464356,10.971768379211426,4.347279331062667,8.35880184173584,1.0,1.0,1.0,1.0,True,"[2.0,1.0,0.0,0.0]",unavailable_not_persisted
prediction_evaluation:train-0003:r0:s7,train-0003,0,learned,24,,,0.1825490423756478,0.19539933666,0.0,-0.0128502942843522,2.369234149842164,noop,noop,,,,,,,,,,,"[2.0,3.0,2.0,1.0]",unavailable_not_persisted
prediction_evaluation:train-0003:r0:s7,train-0003,0,transparent,4,uav-0,task-4,0.17998152678184104,0.19472633399999997,0.0,-0.014744807218158972,2.7077075261438885,resource_unavailable,unknown,7.0000001192092896,2.2559483885190814,14.727417945861816,5.471469438133445,7.67467737197876,1.0,1.0,1.0,1.0,True,"[2.0,3.0,2.0,1.0]",unavailable_not_persisted
prediction_evaluation:train-0004:r2:s4,train-0004,2,learned,9,uav-1,task-3,0.2949572700557487,0.320903757860466,0.0,-0.025946487804717325,4.811958972529773,accepted,accepted,4.000000029802322,2.803136349125224,12.403410911560059,5.600274532632512,8.850000381469727,1.0,1.0,1.0,1.0,True,"[1.0,0.0,0.0,0.0]",unavailable_not_persisted
prediction_evaluation:train-0004:r2:s4,train-0004,2,transparent,8,uav-1,task-2,0.2967386730169553,0.321557157860466,0.0,-0.0248184848435107,4.605407242318897,accepted,accepted,4.000000029802322,2.6710117030866054,11.160101890563965,4.489090157675037,8.850000381469727,1.0,1.0,1.0,1.0,True,"[1.0,0.0,0.0,0.0]",unavailable_not_persisted
prediction_evaluation:train-0005:r1:s5,train-0005,1,learned,3,uav-0,task-3,0.17351256474646054,0.1941053432934,0.0,-0.020592778546939472,3.790741075567073,accepted,accepted,5.000000238418579,2.256995141080331,11.692325592041016,4.435330212542105,8.34558391571045,1.0,1.0,1.0,1.0,True,"[2.0,1.0,0.0,0.0]",unavailable_not_persisted
prediction_evaluation:train-0005:r1:s5,train-0005,1,transparent,1,uav-0,task-1,0.17626536492265024,0.26008593666,-0.0627653432934,-0.021055228443949747,3.88203444298556,accepted,accepted,5.000000238418579,1.802741841695586,8.124946594238281,1.322204514124116,8.34558391571045,1.0,1.0,2.0,1.0,True,"[2.0,1.0,0.0,0.0]",unavailable_not_persisted
prediction_evaluation:train-0005:r2:s4,train-0005,2,learned,14,uav-2,task-2,0.3011708470724375,0.32088441395339995,0.0,-0.019713566880962475,3.639540760211929,accepted,accepted,4.000000029802322,2.7047608468309097,11.157527923583984,4.452767046950752,8.850000381469727,1.0,1.0,1.0,1.0,True,"[2.0,1.0,0.0,0.0]",unavailable_not_persisted
prediction_evaluation:train-0005:r2:s4,train-0005,2,transparent,2,uav-0,task-2,0.16845851283385177,0.19091564962186133,0.0,-0.022457136788009546,4.173029735457462,accepted,accepted,4.000000029802322,1.9861517322360462,11.157527923583984,5.1713761615456155,8.600000381469727,1.0,2.0,1.0,1.0,True,"[2.0,1.0,0.0,0.0]",unavailable_not_persisted
prediction_evaluation:train-0006:r2:s4,train-0006,2,learned,3,uav-0,task-3,0.28982492788603786,0.31966721783224267,0.0,-0.029842289946204817,5.578993956591688,accepted,accepted,4.000000029802322,1.5873185510855692,11.565725326538086,5.978406745650195,8.43885612487793,2.0,1.0,1.0,1.0,True,"[2.0,1.0,0.0,0.0]",unavailable_not_persisted
prediction_evaluation:train-0006:r2:s4,train-0006,2,transparent,14,uav-2,task-2,0.3002767329593088,0.3215444139534,0.0,-0.02126768099409116,3.932873077588013,accepted,accepted,4.000000029802322,2.513018178245584,11.645966529846191,5.132948321798285,8.850000381469727,1.0,1.0,1.0,1.0,True,"[2.0,1.0,0.0,0.0]",unavailable_not_persisted
prediction_evaluation:train-0007:r0:s5,train-0007,0,learned,14,uav-2,task-2,0.3025975601974642,0.3234983439600666,0.0,-0.020900783762602494,3.855020811647826,accepted,accepted,5.000000238418579,2.589230292234644,11.304204940795898,3.714974410142675,8.800000190734863,1.0,1.0,1.0,1.0,True,"[2.0,2.0,1.0,0.0]",unavailable_not_persisted
prediction_evaluation:train-0007:r0:s5,train-0007,0,transparent,3,uav-0,task-3,0.17385767707222716,0.19474613466666663,0.0,-0.020888457594439483,3.8722736160536684,resource_unavailable,unknown,5.000000238418579,1.9350615905304163,11.82638168334961,4.891319854400614,8.355874061584473,1.0,1.0,1.0,1.0,True,"[2.0,2.0,1.0,0.0]",unavailable_not_persisted
prediction_evaluation:train-0007:r1:s5,train-0007,1,learned,14,uav-2,task-2,0.301669727008235,0.32346567066,0.0,-0.021795943651764963,4.005020811647832,accepted,accepted,5.000000238418579,2.589230292234644,11.304204940795898,3.714974410142675,8.800000190734863,1.0,1.0,1.0,1.0,True,"[2.0,1.0,0.0,0.0]",unavailable_not_persisted
prediction_evaluation:train-0007:r1:s5,train-0007,1,transparent,2,uav-0,task-2,0.16999562415313704,0.19407946799999998,0.0,-0.024083843846862928,4.464509523139071,resource_unavailable,unknown,5.000000238418579,2.1697325126833107,11.304204940795898,4.134472189694009,8.355874061584473,1.0,1.0,1.0,1.0,True,"[2.0,1.0,0.0,0.0]",unavailable_not_persisted
prediction_evaluation:train-0007:r2:s4,train-0007,2,learned,14,uav-2,task-2,0.03639656760117442,0.124903033153866,-0.0646866,-0.023819865552691576,4.455199692033808,command_lost,command_transport_lost,4.000000029802322,2.589230292234644,11.304204940795898,4.714974618758932,8.850000381469727,1.0,1.0,1.0,1.0,True,"[2.0,1.0,0.0,0.0]",unavailable_not_persisted
prediction_evaluation:train-0007:r2:s4,train-0007,2,transparent,8,uav-1,task-2,0.16440769245356138,0.2530209929152613,-0.0646866,-0.02392670046169997,4.448561312523687,accepted,accepted,4.000000029802322,2.1697325126833107,11.304204940795898,5.134472398310265,8.405874252319336,1.0,1.0,1.0,1.0,True,"[2.0,1.0,0.0,0.0]",unavailable_not_persisted
