parent,repeat,decision_id,action,is_noop,true_remaining_utility,current_public_score,transparent_history_score,learned_seed_7101_prediction,learned_seed_7102_prediction,learned_seed_7103_prediction,learned_ensemble_prediction,first_acceptance_class,first_feedback,task_unknown_count,host_confirmation_unknown_count,continuation_id
train-0227,0,prediction_evaluation:train-0227:r0:s7,1,False,0.11351577844928742,-0.06971270381464295,-0.07165714825908741,NOT_SAVED,NOT_SAVED,NOT_SAVED,NOT_SAVED,accepted,accepted,1,2,hungarian-v1-fixed
train-0227,0,prediction_evaluation:train-0227:r0:s7,4,False,0.11836237461106631,0.06086086119441791,0.058263016749973466,NOT_SAVED,NOT_SAVED,NOT_SAVED,NOT_SAVED,accepted,accepted,1,2,hungarian-v1-fixed
train-0227,0,prediction_evaluation:train-0227:r0:s7,24,True,0.11430897619425143,0.0,0.0,NOT_SAVED,NOT_SAVED,NOT_SAVED,NOT_SAVED,noop,noop,1,2,hungarian-v1-fixed
train-0227,1,prediction_evaluation:train-0227:r1:s4,0,False,0.22835876463063692,0.06642411384819268,0.06381300273708157,NOT_SAVED,NOT_SAVED,NOT_SAVED,NOT_SAVED,accepted,accepted,1,2,hungarian-v1-fixed
train-0227,1,prediction_evaluation:train-0227:r1:s4,1,False,0.23028007895451527,0.06275085254960741,0.06014640810516296,NOT_SAVED,NOT_SAVED,NOT_SAVED,NOT_SAVED,accepted,accepted,2,3,hungarian-v1-fixed
train-0227,1,prediction_evaluation:train-0227:r1:s4,6,False,0.22865450302794466,0.06120855826192051,-0.07141588618252392,NOT_SAVED,NOT_SAVED,NOT_SAVED,NOT_SAVED,accepted,accepted,2,3,hungarian-v1-fixed
train-0227,1,prediction_evaluation:train-0227:r1:s4,7,False,0.22921511541499254,0.05782191134389008,-0.07349573310055436,NOT_SAVED,NOT_SAVED,NOT_SAVED,NOT_SAVED,accepted,accepted,2,3,hungarian-v1-fixed
train-0227,1,prediction_evaluation:train-0227:r1:s4,18,False,0.3559205022180038,0.06120855826192051,-0.07141588618252392,NOT_SAVED,NOT_SAVED,NOT_SAVED,NOT_SAVED,accepted,accepted,2,2,hungarian-v1-fixed
train-0227,1,prediction_evaluation:train-0227:r1:s4,19,False,0.35617984375464046,0.05782191134389008,-0.07349573310055436,NOT_SAVED,NOT_SAVED,NOT_SAVED,NOT_SAVED,accepted,accepted,2,2,hungarian-v1-fixed
train-0227,1,prediction_evaluation:train-0227:r1:s4,24,True,0.22728776254947042,0.0,0.0,NOT_SAVED,NOT_SAVED,NOT_SAVED,NOT_SAVED,noop,noop,1,2,hungarian-v1-fixed
train-0227,2,prediction_evaluation:train-0227:r2:s5,3,False,0.1784694558639926,0.0627196352086904,0.06011519076424595,NOT_SAVED,NOT_SAVED,NOT_SAVED,NOT_SAVED,accepted,accepted,2,3,hungarian-v1-fixed
train-0227,2,prediction_evaluation:train-0227:r2:s5,21,False,0.17604888360785065,0.05785903344922815,0.05268288122033926,NOT_SAVED,NOT_SAVED,NOT_SAVED,NOT_SAVED,accepted,accepted,1,2,hungarian-v1-fixed
train-0227,2,prediction_evaluation:train-0227:r2:s5,24,True,0.1772470327164219,0.0,0.0,NOT_SAVED,NOT_SAVED,NOT_SAVED,NOT_SAVED,noop,noop,2,3,hungarian-v1-fixed
train-0513,0,prediction_evaluation:train-0513:r0:s6,4,False,0.17525515661174612,0.06072534697560057,0.05812750253115613,NOT_SAVED,NOT_SAVED,NOT_SAVED,NOT_SAVED,accepted,accepted,1,1,hungarian-v1-fixed
train-0513,0,prediction_evaluation:train-0513:r0:s6,10,False,0.17311905518492898,0.058351411758180656,0.05576010131373622,NOT_SAVED,NOT_SAVED,NOT_SAVED,NOT_SAVED,accepted,accepted,1,1,hungarian-v1-fixed
train-0513,0,prediction_evaluation:train-0513:r0:s6,24,True,0.17678952631603181,0.0,0.0,NOT_SAVED,NOT_SAVED,NOT_SAVED,NOT_SAVED,noop,noop,1,1,hungarian-v1-fixed
train-0513,1,prediction_evaluation:train-0513:r1:s4,3,False,0.30302010651043787,0.0624418415476233,0.05983739710317884,NOT_SAVED,NOT_SAVED,NOT_SAVED,NOT_SAVED,accepted,accepted,2,2,hungarian-v1-fixed
train-0513,1,prediction_evaluation:train-0513:r1:s4,21,False,0.30358575607953575,0.05836658397258827,0.055775273528143834,NOT_SAVED,NOT_SAVED,NOT_SAVED,NOT_SAVED,accepted,accepted,1,1,hungarian-v1-fixed
train-0513,1,prediction_evaluation:train-0513:r1:s4,24,True,0.29549504247734787,0.0,0.0,NOT_SAVED,NOT_SAVED,NOT_SAVED,NOT_SAVED,noop,noop,1,1,hungarian-v1-fixed
train-0513,2,prediction_evaluation:train-0513:r2:s4,3,False,0.30872190694241664,0.06243286423578972,0.057230575346900826,NOT_SAVED,NOT_SAVED,NOT_SAVED,NOT_SAVED,accepted,accepted,1,1,hungarian-v1-fixed
train-0513,2,prediction_evaluation:train-0513:r2:s4,21,False,0.30508959182670614,0.05836658397258827,0.055775273528143834,NOT_SAVED,NOT_SAVED,NOT_SAVED,NOT_SAVED,accepted,accepted,1,1,hungarian-v1-fixed
train-0513,2,prediction_evaluation:train-0513:r2:s4,24,True,0.296380302466413,0.0,0.0,NOT_SAVED,NOT_SAVED,NOT_SAVED,NOT_SAVED,noop,noop,1,1,hungarian-v1-fixed
train-0788,0,prediction_evaluation:train-0788:r0:s4,2,False,0.3036216066587037,0.0622664184833016,0.05966197403885714,NOT_SAVED,NOT_SAVED,NOT_SAVED,NOT_SAVED,accepted,accepted,1,1,hungarian-v1-fixed
train-0788,0,prediction_evaluation:train-0788:r0:s4,14,False,0.3006575632204396,0.060746454225470585,0.058148609781026143,NOT_SAVED,NOT_SAVED,NOT_SAVED,NOT_SAVED,accepted,accepted,1,1,hungarian-v1-fixed
train-0788,0,prediction_evaluation:train-0788:r0:s4,20,False,0.3006575632204396,0.060746454225470585,0.058148609781026143,NOT_SAVED,NOT_SAVED,NOT_SAVED,NOT_SAVED,accepted,accepted,1,1,hungarian-v1-fixed
train-0788,0,prediction_evaluation:train-0788:r0:s4,24,True,0.2967950958397847,0.0,0.0,NOT_SAVED,NOT_SAVED,NOT_SAVED,NOT_SAVED,noop,noop,1,1,hungarian-v1-fixed
train-0788,1,prediction_evaluation:train-0788:r1:s5,2,False,0.30248348777625594,0.0622664184833016,0.05966197403885714,NOT_SAVED,NOT_SAVED,NOT_SAVED,NOT_SAVED,accepted,accepted,2,2,hungarian-v1-fixed
train-0788,1,prediction_evaluation:train-0788:r1:s5,3,False,0.30526551203038876,0.06255580078077098,0.05995135633632653,NOT_SAVED,NOT_SAVED,NOT_SAVED,NOT_SAVED,accepted,accepted,1,1,hungarian-v1-fixed
train-0788,1,prediction_evaluation:train-0788:r1:s5,14,False,0.30259886223996213,0.060746454225470585,0.058148609781026143,NOT_SAVED,NOT_SAVED,NOT_SAVED,NOT_SAVED,accepted,accepted,1,1,hungarian-v1-fixed
train-0788,1,prediction_evaluation:train-0788:r1:s5,15,False,0.3005890454330493,0.05876695626796235,0.0561756458235179,NOT_SAVED,NOT_SAVED,NOT_SAVED,NOT_SAVED,accepted,accepted,1,1,hungarian-v1-fixed
train-0788,1,prediction_evaluation:train-0788:r1:s5,20,False,0.16755128956210882,0.060746454225470585,0.058148609781026143,NOT_SAVED,NOT_SAVED,NOT_SAVED,NOT_SAVED,accepted,accepted,1,2,hungarian-v1-fixed
train-0788,1,prediction_evaluation:train-0788:r1:s5,21,False,0.16681129896190022,0.05876695626796235,0.0561756458235179,NOT_SAVED,NOT_SAVED,NOT_SAVED,NOT_SAVED,accepted,accepted,1,2,hungarian-v1-fixed
train-0788,1,prediction_evaluation:train-0788:r1:s5,24,True,0.30493109713054517,0.0,0.0,NOT_SAVED,NOT_SAVED,NOT_SAVED,NOT_SAVED,noop,noop,1,1,hungarian-v1-fixed
train-0788,2,prediction_evaluation:train-0788:r2:s5,2,False,0.30419139943469725,0.0622664184833016,0.05966197403885714,NOT_SAVED,NOT_SAVED,NOT_SAVED,NOT_SAVED,accepted,accepted,2,2,hungarian-v1-fixed
train-0788,2,prediction_evaluation:train-0788:r2:s5,3,False,0.30618600475000823,0.06255580078077098,0.05995135633632653,NOT_SAVED,NOT_SAVED,NOT_SAVED,NOT_SAVED,accepted,accepted,2,2,hungarian-v1-fixed
train-0788,2,prediction_evaluation:train-0788:r2:s5,14,False,0.30616971151818384,0.060746454225470585,0.058148609781026143,NOT_SAVED,NOT_SAVED,NOT_SAVED,NOT_SAVED,accepted,accepted,2,2,hungarian-v1-fixed
train-0788,2,prediction_evaluation:train-0788:r2:s5,15,False,0.30415989471127103,0.05876695626796235,0.0561756458235179,NOT_SAVED,NOT_SAVED,NOT_SAVED,NOT_SAVED,accepted,accepted,2,2,hungarian-v1-fixed
train-0788,2,prediction_evaluation:train-0788:r2:s5,20,False,0.1699511280463482,0.060746454225470585,0.058148609781026143,NOT_SAVED,NOT_SAVED,NOT_SAVED,NOT_SAVED,accepted,accepted,3,4,hungarian-v1-fixed
train-0788,2,prediction_evaluation:train-0788:r2:s5,21,False,0.16921113744613958,0.05876695626796235,0.0561756458235179,NOT_SAVED,NOT_SAVED,NOT_SAVED,NOT_SAVED,accepted,accepted,3,4,hungarian-v1-fixed
train-0788,2,prediction_evaluation:train-0788:r2:s5,24,True,0.30493109713054517,0.0,0.0,NOT_SAVED,NOT_SAVED,NOT_SAVED,NOT_SAVED,noop,noop,2,2,hungarian-v1-fixed
train-1012,0,prediction_evaluation:train-1012:r0:s4,14,False,0.300134533964248,0.060585351991278555,0.05798750754683411,NOT_SAVED,NOT_SAVED,NOT_SAVED,NOT_SAVED,accepted,accepted,3,3,hungarian-v1-fixed
train-1012,0,prediction_evaluation:train-1012:r0:s4,15,False,0.2978155813299993,0.05848044499255896,0.05588913454811452,NOT_SAVED,NOT_SAVED,NOT_SAVED,NOT_SAVED,accepted,accepted,3,3,hungarian-v1-fixed
train-1012,0,prediction_evaluation:train-1012:r0:s4,20,False,0.2953064271736363,0.060585351991278555,0.05798750754683411,NOT_SAVED,NOT_SAVED,NOT_SAVED,NOT_SAVED,accepted,accepted,3,3,hungarian-v1-fixed
train-1012,0,prediction_evaluation:train-1012:r0:s4,21,False,0.2892327261121805,0.05848044499255896,0.05588913454811452,NOT_SAVED,NOT_SAVED,NOT_SAVED,NOT_SAVED,accepted,accepted,3,3,hungarian-v1-fixed
train-1012,0,prediction_evaluation:train-1012:r0:s4,24,True,0.17062797501814989,0.0,0.0,NOT_SAVED,NOT_SAVED,NOT_SAVED,NOT_SAVED,noop,noop,3,4,hungarian-v1-fixed
train-1012,1,prediction_evaluation:train-1012:r1:s4,14,False,0.3577003590488373,0.060585351991278555,0.05798750754683411,NOT_SAVED,NOT_SAVED,NOT_SAVED,NOT_SAVED,accepted,accepted,1,1,hungarian-v1-fixed
train-1012,1,prediction_evaluation:train-1012:r1:s4,15,False,0.35420457261018223,0.05848044499255896,0.05588913454811452,NOT_SAVED,NOT_SAVED,NOT_SAVED,NOT_SAVED,accepted,accepted,2,2,hungarian-v1-fixed
train-1012,1,prediction_evaluation:train-1012:r1:s4,20,False,0.3638282557442174,0.060585351991278555,0.05798750754683411,NOT_SAVED,NOT_SAVED,NOT_SAVED,NOT_SAVED,accepted,accepted,2,2,hungarian-v1-fixed
train-1012,1,prediction_evaluation:train-1012:r1:s4,21,False,0.35608673862870216,0.05848044499255896,0.05588913454811452,NOT_SAVED,NOT_SAVED,NOT_SAVED,NOT_SAVED,accepted,accepted,1,1,hungarian-v1-fixed
train-1012,1,prediction_evaluation:train-1012:r1:s4,24,True,0.23422079077631935,0.0,0.0,NOT_SAVED,NOT_SAVED,NOT_SAVED,NOT_SAVED,noop,noop,1,2,hungarian-v1-fixed
train-1012,2,prediction_evaluation:train-1012:r2:s4,2,False,0.2941562955522284,0.0610701294295172,0.05847228498507276,NOT_SAVED,NOT_SAVED,NOT_SAVED,NOT_SAVED,accepted,accepted,1,1,hungarian-v1-fixed
train-1012,2,prediction_evaluation:train-1012:r2:s4,3,False,0.2978221531414373,0.062487159694302984,0.05988271524985853,NOT_SAVED,NOT_SAVED,NOT_SAVED,NOT_SAVED,accepted,accepted,1,1,hungarian-v1-fixed
train-1012,2,prediction_evaluation:train-1012:r2:s4,14,False,0.29780508898172087,0.060585351991278555,0.05798750754683411,NOT_SAVED,NOT_SAVED,NOT_SAVED,NOT_SAVED,accepted,accepted,1,1,hungarian-v1-fixed
train-1012,2,prediction_evaluation:train-1012:r2:s4,15,False,0.2954861363474721,0.05848044499255896,0.05588913454811452,NOT_SAVED,NOT_SAVED,NOT_SAVED,NOT_SAVED,accepted,accepted,1,1,hungarian-v1-fixed
train-1012,2,prediction_evaluation:train-1012:r2:s4,20,False,0.2929769821911091,0.060585351991278555,0.05798750754683411,NOT_SAVED,NOT_SAVED,NOT_SAVED,NOT_SAVED,accepted,accepted,1,1,hungarian-v1-fixed
train-1012,2,prediction_evaluation:train-1012:r2:s4,21,False,0.28690328112965335,0.05848044499255896,0.05588913454811452,NOT_SAVED,NOT_SAVED,NOT_SAVED,NOT_SAVED,accepted,accepted,1,1,hungarian-v1-fixed
train-1012,2,prediction_evaluation:train-1012:r2:s4,24,True,0.16829853003562276,0.0,0.0,NOT_SAVED,NOT_SAVED,NOT_SAVED,NOT_SAVED,noop,noop,1,2,hungarian-v1-fixed
train-1151,0,prediction_evaluation:train-1151:r0:s5,3,False,0.24010221470842044,0.06315369944280423,0.06054925499835978,NOT_SAVED,NOT_SAVED,NOT_SAVED,NOT_SAVED,accepted,accepted,1,1,hungarian-v1-fixed
train-1151,0,prediction_evaluation:train-1151:r0:s5,21,False,0.24634013545024236,0.05870111722020141,0.056109806775756964,NOT_SAVED,NOT_SAVED,NOT_SAVED,NOT_SAVED,accepted,accepted,1,1,hungarian-v1-fixed
train-1151,0,prediction_evaluation:train-1151:r0:s5,24,True,0.24046952489517398,0.0,0.0,NOT_SAVED,NOT_SAVED,NOT_SAVED,NOT_SAVED,noop,noop,1,1,hungarian-v1-fixed
train-1151,1,prediction_evaluation:train-1151:r1:s5,3,False,0.3024982457784858,0.06315369944280423,0.06054925499835978,NOT_SAVED,NOT_SAVED,NOT_SAVED,NOT_SAVED,command_transport_lost,command_lost,2,2,hungarian-v1-fixed
train-1151,1,prediction_evaluation:train-1151:r1:s5,21,False,0.2993559080512097,0.05870111722020141,0.056109806775756964,NOT_SAVED,NOT_SAVED,NOT_SAVED,NOT_SAVED,accepted,accepted,1,1,hungarian-v1-fixed
train-1151,1,prediction_evaluation:train-1151:r1:s5,24,True,0.1750487716501885,0.0,0.0,NOT_SAVED,NOT_SAVED,NOT_SAVED,NOT_SAVED,noop,noop,1,2,hungarian-v1-fixed
train-1151,2,prediction_evaluation:train-1151:r2:s6,3,False,0.17051358784117054,0.06315369944280423,0.06054925499835978,NOT_SAVED,NOT_SAVED,NOT_SAVED,NOT_SAVED,accepted,accepted,1,1,hungarian-v1-fixed
train-1151,2,prediction_evaluation:train-1151:r2:s6,4,False,0.17493867259346485,0.060557707521477454,0.057959863077033005,NOT_SAVED,NOT_SAVED,NOT_SAVED,NOT_SAVED,accepted,accepted,2,2,hungarian-v1-fixed
train-1151,2,prediction_evaluation:train-1151:r2:s6,9,False,0.1747245887182661,0.06284410037257301,0.06023965592812856,NOT_SAVED,NOT_SAVED,NOT_SAVED,NOT_SAVED,accepted,accepted,2,2,hungarian-v1-fixed
train-1151,2,prediction_evaluation:train-1151:r2:s6,10,False,0.17174135759412412,0.061279509874477396,0.058681665430032955,NOT_SAVED,NOT_SAVED,NOT_SAVED,NOT_SAVED,accepted,accepted,1,1,hungarian-v1-fixed
train-1151,2,prediction_evaluation:train-1151:r2:s6,21,False,0.1736776060829778,0.05870111722020141,0.056109806775756964,NOT_SAVED,NOT_SAVED,NOT_SAVED,NOT_SAVED,accepted,accepted,1,1,hungarian-v1-fixed
train-1151,2,prediction_evaluation:train-1151:r2:s6,22,False,0.04853954286630356,0.05952597064538162,0.05692812620093718,NOT_SAVED,NOT_SAVED,NOT_SAVED,NOT_SAVED,accepted,accepted,0,1,hungarian-v1-fixed
train-1151,2,prediction_evaluation:train-1151:r2:s6,24,True,0.17745380472729952,0.0,0.0,NOT_SAVED,NOT_SAVED,NOT_SAVED,NOT_SAVED,noop,noop,1,1,hungarian-v1-fixed
train-1446,0,prediction_evaluation:train-1446:r0:s5,9,False,0.24385049808431508,0.06317901782556783,0.06057457338112338,NOT_SAVED,NOT_SAVED,NOT_SAVED,NOT_SAVED,accepted,accepted,1,1,hungarian-v1-fixed
train-1446,0,prediction_evaluation:train-1446:r0:s5,21,False,0.238292658979578,0.05874301981471816,0.05615170937027372,NOT_SAVED,NOT_SAVED,NOT_SAVED,NOT_SAVED,accepted,accepted,1,1,hungarian-v1-fixed
train-1446,0,prediction_evaluation:train-1446:r0:s5,24,True,0.24578847541687737,0.0,0.0,NOT_SAVED,NOT_SAVED,NOT_SAVED,NOT_SAVED,noop,noop,1,1,hungarian-v1-fixed
train-1446,1,prediction_evaluation:train-1446:r1:s4,1,False,0.3006332808320047,0.06290413352476694,0.06029968908032249,NOT_SAVED,NOT_SAVED,NOT_SAVED,NOT_SAVED,accepted,accepted,2,2,hungarian-v1-fixed
train-1446,1,prediction_evaluation:train-1446:r1:s4,3,False,0.3008566689113099,0.06317901782556783,0.06057457338112338,NOT_SAVED,NOT_SAVED,NOT_SAVED,NOT_SAVED,accepted,accepted,2,2,hungarian-v1-fixed
train-1446,1,prediction_evaluation:train-1446:r1:s4,7,False,0.3052564810510472,0.05873103132315855,0.056139720878714106,NOT_SAVED,NOT_SAVED,NOT_SAVED,NOT_SAVED,accepted,accepted,2,2,hungarian-v1-fixed
train-1446,1,prediction_evaluation:train-1446:r1:s4,9,False,0.30059616556464874,0.05874301981471816,0.05615170937027372,NOT_SAVED,NOT_SAVED,NOT_SAVED,NOT_SAVED,accepted,accepted,2,2,hungarian-v1-fixed
train-1446,1,prediction_evaluation:train-1446:r1:s4,19,False,0.30081712134557953,0.05873103132315855,0.056139720878714106,NOT_SAVED,NOT_SAVED,NOT_SAVED,NOT_SAVED,accepted,accepted,2,2,hungarian-v1-fixed
train-1446,1,prediction_evaluation:train-1446:r1:s4,21,False,0.30059616556464874,0.05874301981471816,0.05615170937027372,NOT_SAVED,NOT_SAVED,NOT_SAVED,NOT_SAVED,accepted,accepted,2,2,hungarian-v1-fixed
train-1446,1,prediction_evaluation:train-1446:r1:s4,24,True,0.2977057881591308,0.0,0.0,NOT_SAVED,NOT_SAVED,NOT_SAVED,NOT_SAVED,noop,noop,2,2,hungarian-v1-fixed
train-1446,2,prediction_evaluation:train-1446:r2:s7,4,False,0.1903332148126629,0.06035003108338615,0.05775218663894171,NOT_SAVED,NOT_SAVED,NOT_SAVED,NOT_SAVED,unknown,resource_unavailable,1,1,hungarian-v1-fixed
train-1446,2,prediction_evaluation:train-1446:r2:s7,10,False,0.1850361303620942,0.06300577674653315,0.0604013323020887,NOT_SAVED,NOT_SAVED,NOT_SAVED,NOT_SAVED,accepted,accepted,1,1,hungarian-v1-fixed
train-1446,2,prediction_evaluation:train-1446:r2:s7,16,False,0.1916369401117876,0.06532169542390187,0.06271058431279077,NOT_SAVED,NOT_SAVED,NOT_SAVED,NOT_SAVED,accepted,accepted,1,1,hungarian-v1-fixed
train-1446,2,prediction_evaluation:train-1446:r2:s7,24,True,0.19098180177051888,0.0,0.0,NOT_SAVED,NOT_SAVED,NOT_SAVED,NOT_SAVED,noop,noop,1,1,hungarian-v1-fixed
train-1724,0,prediction_evaluation:train-1724:r0:s5,2,False,0.22541687047353842,0.0612283809211668,0.05863053647672236,NOT_SAVED,NOT_SAVED,NOT_SAVED,NOT_SAVED,unknown,resource_unavailable,1,1,hungarian-v1-fixed
train-1724,0,prediction_evaluation:train-1724:r0:s5,3,False,0.23173571828420397,0.06308725167767085,0.06048280723322639,NOT_SAVED,NOT_SAVED,NOT_SAVED,NOT_SAVED,unknown,resource_unavailable,1,1,hungarian-v1-fixed
train-1724,0,prediction_evaluation:train-1724:r0:s5,14,False,0.23367509609436107,0.06013535661975823,0.05753751217531379,NOT_SAVED,NOT_SAVED,NOT_SAVED,NOT_SAVED,accepted,accepted,1,1,hungarian-v1-fixed
train-1724,0,prediction_evaluation:train-1724:r0:s5,15,False,0.23025757099939048,0.05952657854186805,0.056928734097423606,NOT_SAVED,NOT_SAVED,NOT_SAVED,NOT_SAVED,accepted,accepted,1,1,hungarian-v1-fixed
train-1724,0,prediction_evaluation:train-1724:r0:s5,20,False,0.23367509609436105,0.06013535661975823,0.05753751217531379,NOT_SAVED,NOT_SAVED,NOT_SAVED,NOT_SAVED,accepted,accepted,1,1,hungarian-v1-fixed
train-1724,0,prediction_evaluation:train-1724:r0:s5,21,False,0.2302575709993905,0.05952657854186805,0.056928734097423606,NOT_SAVED,NOT_SAVED,NOT_SAVED,NOT_SAVED,accepted,accepted,1,1,hungarian-v1-fixed
train-1724,0,prediction_evaluation:train-1724:r0:s5,24,True,0.23173571828420397,0.0,0.0,NOT_SAVED,NOT_SAVED,NOT_SAVED,NOT_SAVED,noop,noop,1,1,hungarian-v1-fixed
train-1724,1,prediction_evaluation:train-1724:r1:s5,8,False,0.16736291042017748,0.0612283809211668,0.05863053647672236,NOT_SAVED,NOT_SAVED,NOT_SAVED,NOT_SAVED,accepted,accepted,1,2,hungarian-v1-fixed
train-1724,1,prediction_evaluation:train-1724:r1:s5,9,False,0.16954465947517078,0.06308725167767085,0.06048280723322639,NOT_SAVED,NOT_SAVED,NOT_SAVED,NOT_SAVED,accepted,accepted,1,2,hungarian-v1-fixed
train-1724,1,prediction_evaluation:train-1724:r1:s5,14,False,0.1642464339299118,0.06013535661975823,0.05753751217531379,NOT_SAVED,NOT_SAVED,NOT_SAVED,NOT_SAVED,accepted,accepted,1,2,hungarian-v1-fixed
train-1724,1,prediction_evaluation:train-1724:r1:s5,15,False,0.16618660295420232,0.05952657854186805,0.056928734097423606,NOT_SAVED,NOT_SAVED,NOT_SAVED,NOT_SAVED,accepted,accepted,1,2,hungarian-v1-fixed
train-1724,1,prediction_evaluation:train-1724:r1:s5,24,True,0.15916287010497387,0.0,0.0,NOT_SAVED,NOT_SAVED,NOT_SAVED,NOT_SAVED,noop,noop,1,2,hungarian-v1-fixed
train-1724,2,prediction_evaluation:train-1724:r2:s4,2,False,0.2883112829655131,0.0612283809211668,0.05863053647672236,NOT_SAVED,NOT_SAVED,NOT_SAVED,NOT_SAVED,accepted,accepted,1,1,hungarian-v1-fixed
train-1724,2,prediction_evaluation:train-1724:r2:s4,8,False,0.29391767923922946,0.06013535661975823,0.05753751217531379,NOT_SAVED,NOT_SAVED,NOT_SAVED,NOT_SAVED,accepted,accepted,1,1,hungarian-v1-fixed
train-1724,2,prediction_evaluation:train-1724:r2:s4,20,False,0.2942563271675539,0.06013535661975823,0.05753751217531379,NOT_SAVED,NOT_SAVED,NOT_SAVED,NOT_SAVED,accepted,accepted,1,1,hungarian-v1-fixed
train-1724,2,prediction_evaluation:train-1724:r2:s4,24,True,0.2879355335276739,0.0,0.0,NOT_SAVED,NOT_SAVED,NOT_SAVED,NOT_SAVED,noop,noop,1,1,hungarian-v1-fixed
train-1763,0,prediction_evaluation:train-1763:r0:s5,1,False,0.30525389538125375,0.0627808115604146,0.06017636711597014,NOT_SAVED,NOT_SAVED,NOT_SAVED,NOT_SAVED,accepted,accepted,1,1,hungarian-v1-fixed
train-1763,0,prediction_evaluation:train-1763:r0:s5,19,False,0.1739765000898745,-0.07185663554656839,-0.07380107999101285,NOT_SAVED,NOT_SAVED,NOT_SAVED,NOT_SAVED,accepted,accepted,2,3,hungarian-v1-fixed
train-1763,0,prediction_evaluation:train-1763:r0:s5,24,True,0.16865326177032497,0.0,0.0,NOT_SAVED,NOT_SAVED,NOT_SAVED,NOT_SAVED,noop,noop,2,3,hungarian-v1-fixed
train-1763,1,prediction_evaluation:train-1763:r1:s5,18,False,0.1695291637391843,-0.069897955320949,-0.07184239976539344,NOT_SAVED,NOT_SAVED,NOT_SAVED,NOT_SAVED,accepted,accepted,1,2,hungarian-v1-fixed
train-1763,1,prediction_evaluation:train-1763:r1:s5,21,False,0.17226900207390453,0.059527322718451396,0.05692947827400695,NOT_SAVED,NOT_SAVED,NOT_SAVED,NOT_SAVED,accepted,accepted,1,2,hungarian-v1-fixed
train-1763,1,prediction_evaluation:train-1763:r1:s5,24,True,0.17292488968139455,0.0,0.0,NOT_SAVED,NOT_SAVED,NOT_SAVED,NOT_SAVED,noop,noop,1,2,hungarian-v1-fixed
train-1763,2,prediction_evaluation:train-1763:r2:s5,2,False,0.29987628112555886,0.06088196727479013,0.05828412283034568,NOT_SAVED,NOT_SAVED,NOT_SAVED,NOT_SAVED,accepted,accepted,1,1,hungarian-v1-fixed
train-1763,2,prediction_evaluation:train-1763:r2:s5,3,False,0.30197182964585306,0.06371485458823946,0.061110410143795,NOT_SAVED,NOT_SAVED,NOT_SAVED,NOT_SAVED,accepted,accepted,2,2,hungarian-v1-fixed
train-1763,2,prediction_evaluation:train-1763:r2:s5,20,False,0.30341229970595646,0.060805011952322574,0.05820716750787813,NOT_SAVED,NOT_SAVED,NOT_SAVED,NOT_SAVED,accepted,accepted,1,1,hungarian-v1-fixed
train-1763,2,prediction_evaluation:train-1763:r2:s5,21,False,0.2970673986326236,0.059527322718451396,0.05692947827400695,NOT_SAVED,NOT_SAVED,NOT_SAVED,NOT_SAVED,accepted,accepted,1,1,hungarian-v1-fixed
train-1763,2,prediction_evaluation:train-1763:r2:s5,24,True,0.299548919696859,0.0,0.0,NOT_SAVED,NOT_SAVED,NOT_SAVED,NOT_SAVED,noop,noop,1,1,hungarian-v1-fixed
