parent,repeat,windows,current_regret,transparent_regret,learned_regret,learned_minus_transparent_regret,current_minus_transparent_regret,baseline_different_action_windows
train-0227,0,1,0.0,0.0,NOT_SAVED,NOT_SAVED,0.0,0
train-0227,1,1,0.12782107912400353,0.12782107912400353,NOT_SAVED,NOT_SAVED,0.0,0
train-0227,2,1,0.0,0.0,NOT_SAVED,NOT_SAVED,0.0,0
train-0513,0,1,0.001534369704285693,0.001534369704285693,NOT_SAVED,NOT_SAVED,0.0,0
train-0513,1,1,0.0005656495690978813,0.0005656495690978813,NOT_SAVED,NOT_SAVED,0.0,0
train-0513,2,1,0.0,0.0,NOT_SAVED,NOT_SAVED,0.0,0
train-0788,0,1,0.0,0.0,NOT_SAVED,NOT_SAVED,0.0,0
train-0788,1,1,0.0,0.0,NOT_SAVED,NOT_SAVED,0.0,0
train-0788,2,1,0.0,0.0,NOT_SAVED,NOT_SAVED,0.0,0
train-1012,0,1,0.0,0.0,NOT_SAVED,NOT_SAVED,0.0,0
train-1012,1,1,0.006127896695380108,0.006127896695380108,NOT_SAVED,NOT_SAVED,0.0,0
train-1012,2,1,0.0,0.0,NOT_SAVED,NOT_SAVED,0.0,0
train-1151,0,1,0.006237920741821917,0.006237920741821917,NOT_SAVED,NOT_SAVED,0.0,0
train-1151,1,1,0.0,0.0,NOT_SAVED,NOT_SAVED,0.0,0
train-1151,2,1,0.006940216886128975,0.006940216886128975,NOT_SAVED,NOT_SAVED,0.0,0
train-1446,0,1,0.0019379773325622907,0.0019379773325622907,NOT_SAVED,NOT_SAVED,0.0,0
train-1446,1,1,0.00439981213973728,0.00439981213973728,NOT_SAVED,NOT_SAVED,0.0,0
train-1446,2,1,0.0,0.0,NOT_SAVED,NOT_SAVED,0.0,0
train-1724,0,1,0.0019393778101571002,0.0019393778101571002,NOT_SAVED,NOT_SAVED,0.0,0
train-1724,1,1,0.0,0.0,NOT_SAVED,NOT_SAVED,0.0,0
train-1724,2,1,0.005945044202040783,0.005945044202040783,NOT_SAVED,NOT_SAVED,0.0,0
train-1763,0,1,0.0,0.0,NOT_SAVED,NOT_SAVED,0.0,0
train-1763,1,1,0.0006558876074900244,0.0006558876074900244,NOT_SAVED,NOT_SAVED,0.0,0
train-1763,2,1,0.0014404700601033937,0.0014404700601033937,NOT_SAVED,NOT_SAVED,0.0,0
