parent,repeat,decision_id,candidate_count,legal_actions,noop_legal,true_min,true_max,true_range,best_actions,best_second_gap,true_exact_best_tie,current_selected_action,current_selected_acceptance,current_selected_true_utility,current_regret,current_top1,current_score_span,current_absolute_mae,current_centered_mae,current_pairwise_difference_mae,current_pairwise_direction_accuracy,transparent_selected_action,transparent_selected_acceptance,transparent_selected_true_utility,transparent_regret,transparent_top1,transparent_score_span,transparent_absolute_mae,transparent_centered_mae,transparent_pairwise_difference_mae,transparent_pairwise_direction_accuracy,baseline_same_action,current_minus_transparent_selected_true_utility,learned_selected_action,learned_selected_acceptance,learned_regret,learned_score_span,learned_centered_mae,learned_pairwise_difference_mae,learned_pairwise_direction_accuracy,learned_vs_transparent_same_action
train-0227,0,prediction_evaluation:train-0227:r0:s7,3,1|4|24,True,0.11351577844928742,0.11836237461106631,0.0048465961617788905,4,0.004053398416814888,False,4,accepted,0.11836237461106631,0.0,True,0.13057356500906087,0.11834632395827673,0.04325477220376909,0.0838179792315213,1.0,4,accepted,0.11836237461106631,0.0,True,0.12992016500906087,0.11986042025457304,0.043541670969201196,0.08338237923152132,1.0,True,0.0,NOT_SAVED,NOT_SAVED,NOT_SAVED,NOT_SAVED,NOT_SAVED,NOT_SAVED,NOT_SAVED,NOT_SAVED
train-0227,1,prediction_evaluation:train-0227:r1:s4,7,0|1|6|7|18|19|24,True,0.22728776254947042,0.35617984375464046,0.12889208120517004,19,0.00025934153663664805,False,0,accepted,0.22835876463063692,0.12782107912400353,False,0.06642411384819268,0.21266580927725467,0.052102917452725724,0.06891051232472374,0.42857142857142855,0,accepted,0.22835876463063692,0.12782107912400353,False,0.13730873583763592,0.2888229140391595,0.08700044195002865,0.1319255205669853,0.23809523809523808,True,0.0,NOT_SAVED,NOT_SAVED,NOT_SAVED,NOT_SAVED,NOT_SAVED,NOT_SAVED,NOT_SAVED,NOT_SAVED
train-0227,2,prediction_evaluation:train-0227:r2:s5,3,3|21|24,True,0.17604888360785065,0.1784694558639926,0.0024205722561419507,3,0.001222423147570706,False,3,accepted,0.1784694558639926,0.0,True,0.0627196352086904,0.13706223451011554,0.026789865470870904,0.04099814137407979,0.6666666666666666,3,accepted,0.1784694558639926,0.0,True,0.06011519076424595,0.13965576673455996,0.02506084398790794,0.0392618450777835,0.6666666666666666,True,0.0,NOT_SAVED,NOT_SAVED,NOT_SAVED,NOT_SAVED,NOT_SAVED,NOT_SAVED,NOT_SAVED,NOT_SAVED
train-0513,0,prediction_evaluation:train-0513:r0:s6,3,4|10|24,True,0.17311905518492898,0.17678952631603181,0.0036704711311028315,24,0.001534369704285693,False,4,accepted,0.17525515661174612,0.001534369704285693,False,0.06072534697560057,0.13536232645964189,0.027618133237593278,0.04150647778659084,0.3333333333333333,4,accepted,0.17525515661174612,0.001534369704285693,False,0.05812750253115613,0.1370920447559382,0.026464987706729077,0.03977458149029455,0.3333333333333333,True,0.0,NOT_SAVED,NOT_SAVED,NOT_SAVED,NOT_SAVED,NOT_SAVED,NOT_SAVED,NOT_SAVED,NOT_SAVED
train-0513,1,prediction_evaluation:train-0513:r1:s4,3,3|21|24,True,0.29549504247734787,0.30358575607953575,0.008090713602187882,21,0.0005656495690978813,False,3,accepted,0.30302010651043787,0.0005656495690978813,False,0.0624418415476233,0.2604308265157033,0.02337614397442971,0.036611185009688865,0.6666666666666666,3,accepted,0.30302010651043787,0.0005656495690978813,False,0.05983739710317884,0.2621627448119996,0.02222153177689884,0.03487488871339256,0.6666666666666666,True,0.0,NOT_SAVED,NOT_SAVED,NOT_SAVED,NOT_SAVED,NOT_SAVED,NOT_SAVED,NOT_SAVED,NOT_SAVED
train-0513,2,prediction_evaluation:train-0513:r2:s4,3,3|21|24,True,0.296380302466413,0.30872190694241664,0.012341604476003631,3,0.003632315115710494,False,3,accepted,0.30872190694241664,0.0,True,0.06243286423578972,0.26313078434238596,0.022166345416018057,0.033394173173190725,1.0,3,accepted,0.30872190694241664,0.0,True,0.057230575346900826,0.2657286507868304,0.02043443445305509,0.031377322778567134,1.0,True,0.0,NOT_SAVED,NOT_SAVED,NOT_SAVED,NOT_SAVED,NOT_SAVED,NOT_SAVED,NOT_SAVED,NOT_SAVED
train-0788,0,prediction_evaluation:train-0788:r0:s4,4,2|14|20|24,True,0.2967950958397847,0.3036216066587037,0.006826510818918996,2,0.0029640434382640635,False,2,accepted,0.3036216066587037,0.0,True,0.0622664184833016,0.2544931255012812,0.021150985169251745,0.028682673285813337,1.0,2,accepted,0.3036216066587037,0.0,True,0.05966197403885714,0.25644315883461455,0.02017596850258508,0.027384851063591117,1.0,True,0.0,NOT_SAVED,NOT_SAVED,NOT_SAVED,NOT_SAVED,NOT_SAVED,NOT_SAVED,NOT_SAVED,NOT_SAVED
train-0788,1,prediction_evaluation:train-0788:r1:s5,7,2|3|14|15|20|21|24,True,0.16681129896190022,0.30526551203038876,0.13845421306848854,3,0.0003344148998435936,False,3,accepted,0.30526551203038876,0.0,True,0.06255580078077098,0.21234022184046739,0.059951790185816776,0.08241379630615409,0.5714285714285714,3,accepted,0.30526551203038876,0.0,True,0.05995135633632653,0.21456696450713406,0.05974159888422948,0.08167342817916995,0.5714285714285714,True,0.0,NOT_SAVED,NOT_SAVED,NOT_SAVED,NOT_SAVED,NOT_SAVED,NOT_SAVED,NOT_SAVED,NOT_SAVED
train-0788,2,prediction_evaluation:train-0788:r2:s5,7,2|3|14|15|20|21|24,True,0.16921113744613958,0.30618600475000823,0.13697486730386865,3,1.6293231824393573e-05,False,3,accepted,0.30618600475000823,0.0,True,0.06255580078077098,0.21442161896946496,0.05976982369710717,0.08196241710952264,0.6190476190476191,3,accepted,0.30618600475000823,0.0,True,0.05995135633632653,0.21664836163613166,0.05955963239551987,0.08122016955396709,0.6190476190476191,True,0.0,NOT_SAVED,NOT_SAVED,NOT_SAVED,NOT_SAVED,NOT_SAVED,NOT_SAVED,NOT_SAVED,NOT_SAVED
train-1012,0,prediction_evaluation:train-1012:r0:s4,5,14|15|20|21|24,True,0.17062797501814989,0.300134533964248,0.1295065589460981,14,0.0023189526342486944,False,14,accepted,0.300134533964248,0.0,True,0.060585351991278555,0.22299712992610782,0.02094766196318317,0.029285053825491587,0.7,14,accepted,0.300134533964248,0.0,True,0.05798750754683411,0.22507279188166335,0.02177792674540539,0.030324191603269362,0.7,True,0.0,NOT_SAVED,NOT_SAVED,NOT_SAVED,NOT_SAVED,NOT_SAVED,NOT_SAVED,NOT_SAVED,NOT_SAVED
train-1012,1,prediction_evaluation:train-1012:r1:s4,5,14|15|20|21|24,True,0.23422079077631935,0.3638282557442174,0.12960746496789805,20,0.006127896695380108,False,14,accepted,0.3577003590488373,0.006127896695380108,False,0.060585351991278555,0.28558182456811665,0.020544413516718908,0.027985278394351783,0.8,14,accepted,0.3577003590488373,0.006127896695380108,False,0.05798750754683411,0.28765748652367223,0.02137467829894113,0.029024416172129558,0.8,True,0.0,NOT_SAVED,NOT_SAVED,NOT_SAVED,NOT_SAVED,NOT_SAVED,NOT_SAVED,NOT_SAVED,NOT_SAVED
train-1012,2,prediction_evaluation:train-1012:r2:s4,7,2|3|14|15|20|21|24,True,0.16829853003562276,0.2978221531414373,0.12952362310581453,3,1.7064159716417837e-05,False,3,accepted,0.2978221531414373,0.0,True,0.062487159694302984,0.2245370834696784,0.016068158124015887,0.021606923290228564,0.7619047619047619,3,accepted,0.2978221531414373,0.0,True,0.05988271524985853,0.2267628832792022,0.01670410092673697,0.022349793131498406,0.7619047619047619,True,0.0,NOT_SAVED,NOT_SAVED,NOT_SAVED,NOT_SAVED,NOT_SAVED,NOT_SAVED,NOT_SAVED,NOT_SAVED
train-1151,0,prediction_evaluation:train-1151:r0:s5,3,3|21|24,True,0.24010221470842044,0.24634013545024236,0.006237920741821917,21,0.0058706105550683785,False,3,accepted,0.24010221470842044,0.006237920741821917,False,0.06315369944280423,0.20168568613027704,0.025855892509931293,0.04234733975303851,0.3333333333333333,3,accepted,0.24010221470842044,0.006237920741821917,False,0.06054925499835978,0.20341760442657333,0.024701280312400428,0.04061104345674221,0.3333333333333333,True,0.0,NOT_SAVED,NOT_SAVED,NOT_SAVED,NOT_SAVED,NOT_SAVED,NOT_SAVED,NOT_SAVED,NOT_SAVED
train-1151,1,prediction_evaluation:train-1151:r1:s5,3,3|21|24,True,0.1750487716501885,0.3024982457784858,0.12744947412829727,3,0.0031423377272760677,False,3,command_transport_lost,0.3024982457784858,0.0,True,0.06315369944280423,0.21834936960562612,0.028867065303625067,0.04373734612054653,1.0,3,command_transport_lost,0.3024982457784858,0.0,True,0.06054925499835978,0.2200812879019224,0.030021677501155933,0.04546488641684282,1.0,True,0.0,NOT_SAVED,NOT_SAVED,NOT_SAVED,NOT_SAVED,NOT_SAVED,NOT_SAVED,NOT_SAVED,NOT_SAVED
train-1151,2,prediction_evaluation:train-1151:r2:s6,7,3|4|9|10|21|22|24,True,0.04853954286630356,0.17745380472729952,0.12891426186099597,24,0.002515132133834669,False,3,accepted,0.17051358784117054,0.006940216886128975,False,0.06315369944280423,0.10678570155783536,0.032752328563275,0.0556640967428851,0.3333333333333333,3,accepted,0.17051358784117054,0.006940216886128975,False,0.06054925499835978,0.10827113638323219,0.032646566177787474,0.05491935375875812,0.3333333333333333,True,0.0,NOT_SAVED,NOT_SAVED,NOT_SAVED,NOT_SAVED,NOT_SAVED,NOT_SAVED,NOT_SAVED,NOT_SAVED
train-1446,0,prediction_evaluation:train-1446:r0:s5,3,9|21|24,True,0.238292658979578,0.24578847541687737,0.00749581643729938,24,0.0019379773325622907,False,9,accepted,0.24385049808431508,0.0019379773325622907,False,0.06317901782556783,0.20200319828016147,0.02919018475781059,0.04415922416801169,0.3333333333333333,9,accepted,0.24385049808431508,0.0019379773325622907,False,0.06057457338112338,0.2037351165764578,0.02803557256027973,0.0424316838717154,0.3333333333333333,True,0.0,NOT_SAVED,NOT_SAVED,NOT_SAVED,NOT_SAVED,NOT_SAVED,NOT_SAVED,NOT_SAVED,NOT_SAVED
train-1446,1,prediction_evaluation:train-1446:r1:s4,7,1|3|7|9|19|21|24,True,0.2977057881591308,0.3052564810510472,0.0075506928919164,7,0.00439981213973728,False,3,accepted,0.3008566689113099,0.00439981213973728,False,0.06317901782556783,0.24934720254318307,0.013816738747413662,0.01884856765085317,0.6,3,accepted,0.3008566689113099,0.00439981213973728,False,0.06057457338112338,0.25157207835270684,0.01318105994469257,0.01810193895244047,0.6,True,0.0,NOT_SAVED,NOT_SAVED,NOT_SAVED,NOT_SAVED,NOT_SAVED,NOT_SAVED,NOT_SAVED,NOT_SAVED
train-1446,2,prediction_evaluation:train-1446:r2:s7,4,4|10|16|24,True,0.1850361303620942,0.1916369401117876,0.006600809749693404,16,0.000655138341268735,False,16,accepted,0.1916369401117876,0.0,True,0.06532169542390187,0.1423276459508106,0.02432707790985414,0.03508704725104408,0.5,16,accepted,0.1916369401117876,0.0,True,0.06271058431279077,0.14428099595081062,0.023350402909854143,0.033782613917710744,0.5,True,0.0,NOT_SAVED,NOT_SAVED,NOT_SAVED,NOT_SAVED,NOT_SAVED,NOT_SAVED,NOT_SAVED,NOT_SAVED
train-1724,0,prediction_evaluation:train-1724:r0:s5,7,2|3|14|15|20|21|24,True,0.22541687047353842,0.23367509609436107,0.008258225620822651,14|20,2.7755575615628914e-17,True,3,unknown,0.23173571828420397,0.0019393778101571002,False,0.06308725167767085,0.17901630547247988,0.015062689374778308,0.020498378947496846,0.5,3,unknown,0.23173571828420397,0.0019393778101571002,False,0.06048280723322639,0.18124397213914656,0.014426213184302119,0.01975488053479843,0.5,True,0.0,NOT_SAVED,NOT_SAVED,NOT_SAVED,NOT_SAVED,NOT_SAVED,NOT_SAVED,NOT_SAVED,NOT_SAVED
train-1724,1,prediction_evaluation:train-1724:r1:s5,5,8|9|14|15|24,True,0.15916287010497387,0.16954465947517078,0.010381789370196903,9,0.0021817490549932983,False,9,accepted,0.16954465947517078,0.0,True,0.06308725167767085,0.11650518182479445,0.017063075312071758,0.02212581610059284,0.9,9,accepted,0.16954465947517078,0.0,True,0.06048280723322639,0.11858477738035003,0.016231237089849537,0.02108667832281506,0.9,True,0.0,NOT_SAVED,NOT_SAVED,NOT_SAVED,NOT_SAVED,NOT_SAVED,NOT_SAVED,NOT_SAVED,NOT_SAVED
train-1724,2,prediction_evaluation:train-1724:r2:s4,4,2|8|20|24,True,0.2879355335276739,0.2942563271675539,0.0063207936398799736,20,0.00033864792832444257,False,2,accepted,0.2883112829655131,0.005945044202040783,False,0.0612283809211668,0.2457304321848218,0.021102550671426072,0.030482757063051213,0.5,2,accepted,0.2883112829655131,0.005945044202040783,False,0.05863053647672236,0.24767881551815513,0.020128359004759407,0.029183834840828992,0.5,True,0.0,NOT_SAVED,NOT_SAVED,NOT_SAVED,NOT_SAVED,NOT_SAVED,NOT_SAVED,NOT_SAVED,NOT_SAVED
train-1763,0,prediction_evaluation:train-1763:r0:s5,3,1|19|24,True,0.16865326177032497,0.30525389538125375,0.13660063361092878,1,0.13127739529137925,False,1,accepted,0.30525389538125375,0.0,True,0.134637447106983,0.21898649374253565,0.03355548798147379,0.051453249244078625,0.6666666666666666,1,accepted,0.30525389538125375,0.0,True,0.13397744710698298,0.22050279003883197,0.034566352179004674,0.05274954554037492,0.6666666666666666,True,0.0,NOT_SAVED,NOT_SAVED,NOT_SAVED,NOT_SAVED,NOT_SAVED,NOT_SAVED,NOT_SAVED,NOT_SAVED
train-1763,1,prediction_evaluation:train-1763:r1:s5,3,18|21|24,True,0.1695291637391843,0.17292488968139455,0.0033957259422102426,24,0.0006558876074900244,False,21,accepted,0.17226900207390453,0.0006558876074900244,False,0.1294252780394004,0.17503122936566032,0.04293059312964865,0.08445695980312012,0.6666666666666666,21,accepted,0.17226900207390453,0.0006558876074900244,False,0.12877187803940038,0.1765453256619566,0.043217491895080756,0.0840213598031201,0.6666666666666666,True,0.0,NOT_SAVED,NOT_SAVED,NOT_SAVED,NOT_SAVED,NOT_SAVED,NOT_SAVED,NOT_SAVED,NOT_SAVED
train-1763,2,prediction_evaluation:train-1763:r2:s5,5,2|3|20|21|24,True,0.2970673986326236,0.30341229970595646,0.006344901073332854,20,0.0014404700601033937,False,3,accepted,0.30197182964585306,0.0014404700601033937,False,0.06371485458823946,0.2513895144546095,0.019263762096899804,0.025673600052278766,0.7,3,accepted,0.30197182964585306,0.0014404700601033937,False,0.061110410143795,0.25346911001016503,0.018431923874677587,0.024633142274500985,0.7,True,0.0,NOT_SAVED,NOT_SAVED,NOT_SAVED,NOT_SAVED,NOT_SAVED,NOT_SAVED,NOT_SAVED,NOT_SAVED
